120;73;0.5;2.4;64;62;126;2;120;137;121;73
132;17;2.1;10.4;130;68;198;6;141;136;140;12
133;16;2.1;13.4;130;68;198;5;141;135;138;13
134;16;2.4;23;117;53;170;11;137;134;137;13
132;16;2.4;19.9;117;53;170;9;137;136;138;11
134;26;5.9;0;150;50;200;5;76;107;107;170
134;29;6.3;0;150;50;200;6;71;107;106;215
122;83;0.5;15.6;68;62;130;0;122;122;123;3
122;84;0.5;13.6;68;62;130;0;122;122;123;3
122;86;0.3;10.6;68;62;130;1;122;122;123;1
151;64;1.9;27.6;130;56;186;2;150;148;151;9
150;64;2;29.5;130;56;186;5;150;148;151;10
131;28;1.4;12.9;66;88;154;5;135;134;137;7
131;28;1.5;5.4;87;71;158;2;141;137;141;10
130;21;2.3;7.9;107;67;174;7;143;125;135;76
130;19;2.3;8.7;107;67;174;3;134;127;133;43
130;24;2.1;10.9;125;53;178;5;143;128;138;70
131;18;2.4;13.9;107;67;174;5;134;125;132;45
130;23;1.9;8.8;99;59;158;6;133;124;129;36
130;29;1.7;7.8;112;65;177;6;133;129;133;27
129;30;2.1;8.5;128;54;182;13;129;104;120;138
128;26;1.7;6.7;141;57;198;9;129;125;132;34
128;34;2.5;4;145;54;199;11;75;99;102;148
128;80;0.5;6.8;16;114;130;0;126;124;125;1
128;86;0.3;2.9;16;114;130;0;128;126;129;0
124;86;0.3;4;12;118;130;1;124;124;125;0
124;86;0.4;4.8;24;122;146;1;126;126;127;0
124;87;0.2;3.4;10;118;128;0;124;123;125;0
132;29;4.4;10.5;141;50;191;7;133;119;129;73
132;26;6;5;143;50;193;10;133;113;117;89
132;26;4.5;12.5;149;50;199;9;133;120;126;56
132;22;6.9;6.3;149;50;199;10;123;112;115;66
132;29;2.9;15.1;144;50;194;11;133;124;130;35
120;28;3.4;21.7;126;55;181;13;121;124;126;25
120;28;3.2;12.4;128;53;181;9;129;125;127;25
120;27;3.7;24.2;144;51;195;11;125;124;126;24
115;23;3.4;18.8;130;52;182;9;119;116;118;21
114;24;3.2;16.2;134;52;186;8;117;115;117;19
115;22;3.6;19.6;138;50;188;8;117;117;119;21
115;27;2.3;12.4;129;53;182;7;119;120;120;14
114;28;2.2;12.2;98;55;153;7;119;119;120;13
114;27;2.4;13.5;128;54;182;6;119;118;119;13
116;40;1.6;13.3;93;55;148;6;127;124;127;9
116;40;1.8;11.4;142;52;194;13;125;122;125;9
122;22;4.4;15.2;150;50;200;7;119;113;117;24
122;21;4.7;15.7;150;50;200;8;116;112;117;23
122;17;4.9;22.1;145;53;198;13;127;122;126;25
122;20;5;21.1;148;50;198;11;127;124;127;28
122;22;7;16.6;149;50;199;7;129;118;124;75
158;27;1.7;14.9;120;77;197;7;170;168;170;14
158;29;1.3;12.8;55;142;197;4;170;171;172;9
156;43;4.1;22.2;150;50;200;7;151;142;152;72
156;34;5.4;3.3;150;50;200;8;117;131;136;108
150;61;0.5;6.2;31;130;161;2;154;152;154;1
148;70;0.3;5.1;18;136;154;3;150;148;150;0
149;57;1.2;12.8;126;58;184;12;150;148;151;8
149;58;1.3;13.2;126;58;184;12;150;148;151;8
146;39;0.8;5.5;18;148;166;1;154;155;156;1
148;41;0.8;6.4;20;143;163;1;154;153;154;0
144;33;1.1;6.2;100;78;178;5;149;152;152;8
146;39;0.9;5.2;44;134;178;5;154;154;155;4
146;39;0.8;5.2;28;143;171;2;154;153;154;1
142;25;1.3;11.6;26;130;156;0;147;145;147;2
136;24;1.5;11.2;111;74;185;11;140;140;141;2
141;25;1.5;13.4;103;74;177;10;142;143;144;4
150;40;0.8;5.7;18;143;161;1;153;153;154;0
138;44;1;11.9;99;81;180;9;162;156;159;8
140;34;1.2;10.3;60;119;179;2;156;153;155;5
140;34;1.2;10.3;60;119;179;2;156;153;155;5
144;46;0.8;13;37;132;169;4;162;158;160;5
144;45;0.8;11.5;30;138;168;3;162;157;160;5
140;52;1.6;16.2;104;68;172;0;144;147;147;14
140;53;1.5;12.9;104;68;172;2;146;147;147;12
140;52;1.9;17.7;108;68;176;2;144;147;147;18
140;56;1.5;15.1;108;68;176;3;156;150;153;15
154;65;0.9;13.4;92;74;166;2;156;158;159;2
150;61;0.9;8.7;28;138;166;0;152;153;155;3
145;36;1.4;13.6;119;57;176;3;148;150;150;12
145;34;1.7;22.3;117;57;174;6;150;147;150;11
145;35;1.9;21.3;140;56;196;5;148;150;151;12
145;34;1.7;25.9;109;57;166;5;150;147;150;10
145;40;1.4;18.4;140;56;196;9;148;148;149;7
145;41;1.2;15.8;136;60;196;8;145;148;149;6
145;43;1.5;0;109;63;172;5;156;156;158;11
145;41;1.1;11.4;125;62;187;4;167;164;166;11
145;40;1.1;1.2;113;73;186;4;165;163;165;11
145;41;1.8;23.4;117;50;167;4;154;151;154;16
139;38;1.5;13.3;134;53;187;5;133;136;138;6
139;62;0.7;11.5;111;73;184;4;148;147;148;2
139;51;2.2;7.1;148;52;200;12;147;137;145;55
139;64;0.4;6.5;28;135;163;1;161;152;157;13
148;67;0.4;4.9;15;139;154;4;150;149;151;0
148;70;0.3;5.3;17;136;153;2;150;148;150;0
148;68;0.3;4.5;25;128;153;3;150;149;151;0
148;72;0.3;4.6;16;136;152;0;150;148;150;0
148;58;0.5;9.5;21;135;156;1;150;149;151;1
148;63;0.4;8.8;35;121;156;3;150;149;151;1
148;60;0.5;4.8;83;78;161;3;154;152;154;1
148;61;0.5;6.3;31;130;161;2;154;152;154;1
125;19;1.9;6.8;96;101;197;8;133;131;133;5
125;25;1.7;11.6;93;72;165;3;133;128;132;10
125;24;1.6;14.6;55;97;152;6;131;130;132;6
125;24;1.6;17.3;84;68;152;4;132;132;133;5
125;29;1.1;11;29;117;146;0;131;130;132;1
125;22;1.9;15.8;82;68;150;5;132;130;133;6
125;22;2.8;17.2;128;56;184;5;125;123;126;16
125;22;3.9;13.1;145;52;197;7;121;117;121;23
125;22;2.1;12.1;105;73;178;8;126;126;128;11
125;20;2.5;7.1;134;63;197;8;125;125;127;16
125;25;1.5;19.3;62;80;142;4;127;125;127;6
125;23;2.2;4.4;122;78;200;10;131;125;128;20
129;34;1.7;12.9;118;78;196;10;137;136;137;6
129;35;1.3;10.1;92;101;193;6;136;134;135;4
129;38;1.2;12.5;54;111;165;4;133;132;134;2
129;22;5.2;0;145;50;195;13;139;122;129;86
129;22;4.8;0;138;50;188;7;129;114;120;60
123;26;4.3;19.4;146;50;196;8;126;105;113;117
123;30;1.1;5.8;53;95;148;3;125;124;126;6
123;29;1.1;3.9;56;92;148;3;123;122;124;6
123;24;1.3;2.1;56;92;148;3;121;123;125;7
123;47;1.1;7.4;130;59;189;14;129;122;127;15
123;50;0.8;3.1;94;75;169;7;125;122;126;8
123;45;1;3.8;85;59;144;8;124;119;125;14
123;33;1.3;4.7;138;61;199;9;135;122;127;39
123;28;1.4;4.5;77;61;138;3;114;112;115;15
159;65;0.4;10.8;91;81;172;0;163;163;165;2
159;69;0.3;6.4;15;153;168;0;163;163;164;0
159;62;0.5;13.2;91;81;172;0;163;163;164;2
159;65;0.4;6.8;15;153;168;0;163;162;164;0
158;54;0.6;8;93;77;170;3;165;163;165;2
158;55;0.5;5.8;15;156;171;0;165;164;166;0
158;56;0.6;8.6;92;77;169;1;165;162;164;2
158;57;0.5;4.3;11;159;170;0;165;165;166;0
159;61;0.4;8.6;44;133;177;4;165;164;166;1
159;58;0.5;7.9;44;133;177;4;163;164;166;2
159;66;0.4;8.5;24;149;173;0;165;164;166;0
159;58;0.5;7.8;44;133;177;4;163;164;165;2
159;66;0.4;7.2;23;147;170;0;165;164;166;0
159;57;0.5;9.1;40;148;188;0;167;169;170;5
159;58;0.5;8;42;146;188;2;167;172;174;8
159;57;0.5;8.1;22;155;177;1;170;167;168;2
154;44;2;26.3;147;50;197;10;153;158;162;27
154;48;0.9;12.7;90;93;183;4;167;161;163;8
154;44;2;35.7;147;50;197;8;153;155;157;23
143;50;1.2;16.9;121;57;178;10;146;147;148;10
143;50;0.9;4.4;106;72;178;5;147;150;149;6
143;51;1.1;18;100;72;172;8;147;146;147;4
149;51;1;18.8;99;71;170;4;151;153;154;7
149;51;0.9;10.6;94;77;171;4;153;154;154;5
148;54;0.7;9;52;115;167;7;153;152;154;3
148;57;0.5;9.6;48;115;163;5;153;152;153;1
148;55;0.6;10.4;46;115;161;5;151;152;153;1
140;41;1.7;8.3;121;52;173;12;159;149;154;30
125;31;1.3;11.3;85;114;199;3;126;131;132;9
125;34;1.1;14.6;85;114;199;4;126;127;128;3
123;38;0.9;8.8;39;113;152;2;126;128;128;4
123;39;0.8;8.9;28;113;141;2;126;126;127;1
123;38;0.9;8;24;117;141;1;126;127;128;1
123;34;0.9;3.3;31;116;147;1;126;128;128;3
123;33;0.9;3.4;33;116;149;2;126;128;128;3
123;36;0.9;3.7;34;115;149;1;126;127;127;3
123;35;0.9;3.2;33;116;149;1;126;128;127;3
122;32;1.2;8.9;81;67;148;2;125;124;126;8
122;32;1.1;8.4;65;83;148;2;125;125;126;4
122;31;1.2;8.2;57;86;143;4;125;125;126;3
134;56;3.2;41.8;130;54;184;1;138;135;139;25
134;53;3.7;50.7;130;54;184;1;136;135;139;25
134;67;1.5;25.8;138;54;192;2;136;136;137;7
134;67;1.2;15.9;124;68;192;6;138;136;137;6
116;46;0.7;5.5;44;91;135;4;120;120;122;1
116;43;0.8;5.6;72;56;128;6;120;118;121;3
116;48;0.6;5.5;12;114;126;1;120;120;122;0
119;29;1.3;10.6;89;77;166;3;121;121;123;4
119;30;1.3;11.6;89;77;166;3;121;122;123;3
119;31;1.3;11.3;89;77;166;6;121;122;123;2
119;31;1.4;10.7;134;58;192;7;127;127;127;7
119;34;1.1;14;92;58;150;4;127;125;128;3
119;30;1.8;10;129;69;198;9;132;132;135;20
119;26;1.5;14.1;56;88;144;3;127;122;125;8
121;33;1.9;6.5;139;59;198;11;142;137;140;18
120;27;2;14.3;127;71;198;10;127;130;132;12
138;35;5.3;4.5;148;52;200;11;146;157;161;72
131;37;1.9;3.2;90;58;148;4;127;121;126;21
132;38;2.6;10.6;128;51;179;7;133;125;130;25
132;31;4.8;5.4;147;52;199;9;133;154;163;137
132;36;3.4;15.3;145;53;198;6;133;136;134;65
132;49;2;23.3;89;62;151;5;133;133;135;8
138;43;1.1;11.3;44;129;173;8;162;155;159;8
138;43;1;11.6;44;129;173;8;162;155;159;9
138;32;1.3;9;60;119;179;2;158;152;155;8
138;45;1;12.3;99;81;180;8;162;156;159;8
144;44;0.8;11.9;33;135;168;4;162;157;160;5
144;49;0.7;9.8;44;140;184;3;162;158;162;4
144;46;0.8;11.5;31;138;169;3;162;158;161;5
150;56;0.5;7.9;19;148;167;2;153;157;158;3
150;54;0.5;7.7;16;147;163;2;153;155;157;2
150;57;0.5;7.7;20;147;167;3;165;157;159;7
145;49;0.6;11.6;27;140;167;0;159;156;158;3
145;49;0.6;7;26;145;171;1;154;157;158;4
120;53;0.7;12.2;77;56;133;6;123;121;123;3
120;51;0.8;14.8;77;56;133;5;123;122;124;2
120;56;0.5;8.5;30;103;133;2;120;121;122;1
120;54;0.6;8.6;24;109;133;0;123;122;124;1
120;57;0.6;9.5;21;112;133;0;125;123;124;1
120;51;0.7;7.4;21;109;130;1;123;121;123;0
120;56;0.5;7.6;18;115;133;0;123;122;123;1
120;55;0.9;15.1;77;58;135;5;123;123;124;5
120;53;0.8;15.3;69;62;131;3;125;121;124;5
124;46;0.8;7.5;52;90;142;4;129;130;131;2
124;59;0.6;7.6;25;111;136;0;129;129;130;0
125;48;0.8;4.9;63;82;145;9;133;132;133;3
125;51;0.6;4.9;16;125;141;1;133;132;134;0
125;50;0.9;2.5;118;57;175;8;133;132;133;4
125;47;0.8;6.1;75;68;143;3;133;132;133;2
127;61;0.5;10.6;83;62;145;4;129;131;132;4
127;58;0.5;8.3;38;113;151;3;129;134;136;6
127;63;0.5;11.3;89;62;151;4;129;128;130;1
127;61;0.6;11.5;89;62;151;4;131;129;131;2
127;54;1;15.6;83;63;146;9;140;135;138;14
127;53;0.8;17.9;104;64;168;3;136;134;136;5
129;52;0.7;11.5;80;68;148;10;133;134;134;3
129;55;0.5;7.5;23;120;143;3;133;133;134;1
129;47;0.9;17.3;104;52;156;6;133;133;134;4
129;44;1;4.8;36;120;156;2;133;133;133;3
129;53;0.6;5.3;34;122;156;3;133;134;135;1
129;56;0.5;7.4;23;120;143;3;133;133;134;1
127;48;1.1;14;84;64;148;2;133;132;134;7
127;48;1.1;14.9;84;64;148;2;127;132;134;11
127;47;1.1;12.6;83;64;147;2;129;131;132;7
123;52;0.8;15.4;90;50;140;7;129;128;130;4
123;55;0.7;8.9;71;81;152;4;129;129;130;3
123;50;0.8;13.8;74;63;137;2;129;127;129;2
123;55;0.7;8.6;71;81;152;4;129;129;130;3
123;49;0.8;13.8;74;63;137;2;129;127;129;2
123;49;0.8;13.8;74;63;137;2;129;127;129;2
121;56;0.6;10.5;77;62;139;3;127;128;129;3
121;52;0.6;8;21;117;138;0;125;127;128;2
121;58;0.5;7.4;22;117;139;0;125;128;129;3
125;66;0.3;5.8;21;112;133;0;125;124;126;0
125;67;0.3;4.9;14;115;129;1;125;124;126;0
125;68;0.3;3.5;8;120;128;0;125;125;126;0
125;70;0.4;7.1;81;52;133;5;125;123;125;2
125;66;0.4;6.7;22;109;131;1;120;121;122;1
123;67;0.6;12.6;110;50;160;7;125;123;125;2
123;70;0.5;8.3;71;89;160;5;123;124;126;1
128;43;1.9;18.7;124;60;184;10;133;137;138;16
128;48;1;11.7;99;60;159;3;138;137;139;6
151;56;0.5;3.8;37;141;178;3;157;160;160;4
151;50;0.7;0.9;37;141;178;2;161;162;163;4
151;64;0.4;4.6;27;141;168;2;157;156;158;1
148;61;0.5;7.4;26;139;165;2;153;152;154;2
130;67;0.5;14.3;84;72;156;12;143;140;143;4
130;57;0.6;14.3;91;65;156;7;129;131;133;10
130;53;0.6;5;19;114;133;2;120;122;122;3
130;51;0.6;9.1;30;114;144;3;120;125;126;8
127;14;3.3;6.3;124;67;191;8;129;125;130;45
127;12;3.4;5.7;130;58;188;8;129;122;129;41
127;16;3.4;0;138;53;191;11;153;124;130;136
127;13;3.8;1.3;138;53;191;12;133;126;131;41
127;13;3.2;10.1;98;61;159;3;129;124;129;35
127;22;1.5;12.3;91;107;198;5;135;132;134;3
127;23;1.5;13.2;91;107;198;6;135;134;135;4
127;24;1.7;15.8;91;107;198;9;135;136;138;7
127;22;1.7;15.5;91;107;198;6;135;134;137;6
127;21;1.7;12.4;37;114;151;4;128;130;131;2
128;30;1.2;14.2;77;119;196;3;148;154;155;13
124;46;1;9.3;92;63;155;6;133;133;134;7
124;45;0.9;9.2;91;60;151;5;133;132;134;5
126;48;0.7;6.4;37;118;155;2;133;135;135;6
126;49;0.7;9.7;90;63;153;2;133;133;134;4
124;34;1;3.1;42;106;148;1;126;130;130;7
124;34;1;0.9;39;110;149;3;129;130;131;5
123;41;1.1;13.4;87;58;145;11;127;126;127;4
123;32;1.1;16.9;76;66;142;3;125;125;125;4
123;44;0.8;6.3;82;59;141;4;127;126;128;0
123;37;0.9;12.8;79;66;145;2;125;127;127;4
123;41;0.9;10.6;83;59;142;4;127;125;127;2
123;54;0.5;8.4;29;116;145;4;126;128;129;3
123;50;0.5;7.6;21;116;137;1;126;126;127;1
120;50;1.6;8.1;118;53;171;7;125;126;127;14
120;56;0.9;8.7;130;55;185;10;125;128;130;8
118;41;2.5;5.8;119;52;171;6;123;122;124;19
133;46;1.1;15.4;69;95;164;5;139;135;138;9
133;45;0.9;17.9;38;121;159;3;133;135;136;5
128;44;1.1;7.6;58;112;170;6;137;136;137;5
143;67;0.4;7.5;27;129;156;3;151;146;149;3
143;74;0.3;4.9;23;131;154;3;151;150;151;0
144;61;0.5;9.5;39;125;164;3;144;143;144;1
144;58;0.6;8.8;39;125;164;3;143;142;144;1
144;75;0.3;4;10;144;154;2;151;150;152;0
144;65;0.4;8.6;27;129;156;2;150;146;148;3
142;61;0.7;12.2;79;71;150;12;143;142;144;3
142;51;1.2;19.7;119;56;175;12;141;141;143;5
142;57;0.8;14.5;100;56;156;10;144;142;144;3
146;66;0.5;12.8;114;74;188;6;147;146;148;2
146;74;0.5;13.4;111;74;185;4;147;147;148;2
148;74;0.2;3.6;14;139;153;0;148;148;149;0
148;75;0.2;2.9;7;145;152;1;148;148;149;0
148;70;0.3;3.8;14;139;153;1;150;148;150;0
148;72;0.3;4.3;14;139;153;1;150;148;150;0
144;75;0.2;5.6;16;136;152;1;145;144;146;0
144;77;0.2;3.8;12;138;150;2;144;144;146;0
144;71;0.3;6.8;19;133;152;1;145;144;146;0
145;75;0.3;7.8;54;131;185;3;145;144;146;0
145;77;0.2;5.8;21;129;150;1;146;145;147;0
145;74;0.3;8.5;54;131;185;2;145;144;146;1
145;77;0.2;5.8;21;129;150;1;146;145;147;0
132;61;0.4;5.7;18;126;144;1;134;135;136;0
141;71;0.4;10.8;78;69;147;2;144;142;144;2
141;77;0.3;3.2;9;138;147;1;144;143;145;0
146;69;0.5;11;42;117;159;6;153;150;152;3
146;76;0.3;4.4;18;135;153;2;150;149;151;0
146;65;0.5;9.5;33;133;166;4;153;151;154;1
146;72;0.3;6.9;35;120;155;4;147;146;148;0
146;77;0.3;5.7;29;120;149;4;147;146;147;0
146;68;0.3;7.2;20;136;156;1;147;147;148;1
150;74;0.3;6.4;25;131;156;4;150;150;151;0
150;79;0.2;2.8;5;147;152;1;150;149;151;0
144;74;0.3;6.4;25;131;156;4;150;150;151;0
150;79;0.2;2.8;5;147;152;1;150;149;151;0
150;71;0.4;7.9;17;139;156;0;151;151;152;0
150;73;0.3;7.3;26;128;154;3;150;149;151;0
135;56;1;16.4;89;67;156;8;143;140;142;6
135;62;0.5;6.9;97;71;168;3;143;142;144;1
135;62;0.5;6.9;97;71;168;3;143;142;144;1
135;54;1;16.7;132;66;198;10;150;143;146;12
144;76;0.4;10.6;81;71;152;3;145;144;146;2
144;75;0.3;4.2;16;136;152;2;145;146;147;0
146;84;0.2;2.9;10;140;150;1;146;145;147;0
146;77;0.2;4.6;12;137;149;1;142;142;143;0
146;78;0.2;4.3;12;137;149;1;144;143;145;0
146;79;0.2;4.3;12;137;149;1;144;143;145;0
146;77;0.3;4.8;12;137;149;0;142;143;145;0
144;76;0.4;10.6;81;71;152;3;145;144;146;2
144;79;0.3;7.9;80;71;151;2;145;144;146;1
146;81;0.2;3.9;13;137;150;1;146;144;146;1
137;64;0.5;10.9;85;68;153;2;143;142;143;3
137;64;0.4;8.6;22;131;153;1;145;143;145;1
137;65;0.4;8.1;20;133;153;1;145;144;146;1
133;73;0.2;3.3;8;131;139;1;133;134;135;0
133;75;0.2;2.9;7;131;138;1;133;134;135;0
133;73;0.3;3.6;8;131;139;1;134;134;135;0
133;73;0.3;3.5;8;131;139;1;134;134;135;0
139;75;0.4;9.2;79;66;145;6;140;139;141;2
139;77;0.2;5.3;17;128;145;1;142;141;143;0
139;78;0.2;4.2;11;133;144;1;140;139;141;0
139;77;0.2;4.3;11;133;144;1;140;139;141;0
139;76;0.3;6.1;17;128;145;1;140;140;141;0
141;78;0.2;4.7;13;133;146;1;143;141;143;0
141;78;0.2;4.8;10;136;146;1;142;141;143;0
141;75;0.3;4.6;9;136;145;1;143;141;143;0
140;77;0.2;3.7;8;136;144;1;141;140;142;0
140;78;0.2;3.4;8;136;144;1;141;140;141;0
140;69;0.3;8.3;22;129;151;2;141;141;142;1
140;67;0.4;7.1;25;122;147;1;142;138;141;4
140;61;0.9;12.4;129;64;193;9;142;138;141;11
130;59;0.5;9.8;53;95;148;4;142;138;142;4
130;46;1.2;16.2;95;60;155;8;136;133;135;8
133;60;0.5;11.4;80;68;148;4;137;136;138;2
133;54;0.6;13.6;80;68;148;2;137;138;139;2
133;64;0.4;6.4;15;129;144;2;136;135;137;0
133;69;0.3;5.6;12;129;141;1;137;135;137;0
135;67;0.3;5.5;28;116;144;4;136;135;137;0
135;69;0.3;3.9;9;132;141;1;136;136;137;0
135;70;0.3;3.5;9;132;141;1;136;136;137;0
135;61;0.5;9.5;36;108;144;5;138;135;137;3
135;63;0.4;4;8;133;141;1;136;136;137;0
135;65;0.4;5;25;116;141;3;136;135;137;0
133;61;0.5;7.8;16;128;144;1;135;135;136;0
138;64;0.4;7;41;118;159;2;144;143;145;5
138;68;0.3;7.2;22;128;150;1;144;142;144;1
138;55;0.7;9.3;48;103;151;4;144;140;143;5
138;60;0.5;6.8;56;103;159;4;151;144;145;9
138;66;0.4;6.8;33;117;150;2;144;141;144;2
138;60;0.5;8.7;47;103;150;3;144;140;144;4
141;60;0.4;5.6;38;121;159;3;154;149;154;8
141;53;1;5.2;123;57;180;13;154;149;154;10
141;46;1.1;2.9;114;58;172;7;154;149;152;8
141;59;0.5;6.1;38;121;159;3;154;149;154;8
141;56;0.5;7.4;51;121;172;4;154;148;152;7
141;50;0.9;4.3;114;58;172;7;148;147;151;7
129;41;1.1;2.9;135;65;200;4;133;147;142;60
131;37;1.4;3.7;135;65;200;5;139;154;148;70
131;44;0.8;4.6;65;125;190;1;137;146;140;38
133;48;0.7;6.3;28;125;153;1;135;137;137;2
129;36;1.5;17.9;134;61;195;11;186;154;147;157
129;36;1.5;0;99;99;198;3;186;163;169;106
129;37;1.2;8.6;102;93;195;8;187;157;153;137
129;39;1.1;11.7;105;55;160;3;127;136;137;21
129;37;1.3;12.1;140;55;195;7;186;151;144;177
129;36;1.4;9.4;140;55;195;5;143;148;143;52
143;59;0.5;9.8;37;120;157;5;146;146;147;2
143;70;0.3;5.3;13;137;150;1;146;144;146;0
143;46;0.9;11.8;116;68;184;5;150;147;149;4
143;56;0.6;12.2;116;68;184;5;145;145;147;3
143;63;0.5;9.9;37;120;157;5;146;145;146;2
143;51;0.8;13.1;116;68;184;6;145;147;148;3
148;65;0.4;6.7;21;141;162;1;157;155;157;1
148;65;0.4;6.5;17;145;162;0;156;155;157;0
150;47;1.4;12.1;145;52;197;8;159;154;157;13
150;53;0.5;4.5;14;151;165;0;161;159;161;1
150;47;1.1;7.1;136;61;197;5;159;154;157;8
151;48;0.6;4;8;154;162;0;159;158;160;0
151;47;0.7;3.9;8;154;162;0;159;158;160;0
150;73;0.9;4.8;148;51;199;8;154;150;155;29
150;70;1.4;4.4;149;51;200;10;154;147;155;54
150;78;0.2;4.8;11;146;157;1;154;153;155;0
150;76;0.3;5.4;11;146;157;1;154;153;155;0
150;76;0.2;5.2;35;123;158;1;154;153;155;1
150;78;0.2;4.8;12;146;158;0;154;154;155;0
147;66;0.4;7.4;80;74;154;1;148;146;148;1
147;71;0.3;5.8;15;139;154;0;143;145;146;1
147;60;0.4;5.5;10;144;154;0;150;149;150;0
147;63;0.4;8.1;80;74;154;1;148;147;149;1
135;59;0.6;9.3;118;70;188;3;140;140;141;3
135;55;0.6;7.4;21;131;152;2;135;139;141;4
135;63;0.5;5.4;33;133;166;1;141;142;143;1
137;68;0.4;5.8;65;135;200;3;143;143;144;1
137;74;0.3;4;13;135;148;1;140;141;142;1
137;63;0.5;7.8;75;125;200;4;146;144;146;2
137;70;0.4;4.7;66;134;200;3;140;142;143;3
143;65;0.6;13.3;38;120;158;5;145;145;146;2
143;64;0.6;11.6;85;73;158;7;146;145;147;2
143;65;0.5;9.2;23;129;152;2;143;143;145;1
143;65;0.6;12.9;29;129;158;4;150;145;146;5
156;53;0.6;10.8;27;141;168;2;163;159;161;2
156;53;0.8;19.7;91;102;193;3;161;159;161;3
120;40;1.3;7.1;89;68;157;5;133;134;136;9
121;39;1.3;6.6;98;102;200;7;133;131;132;8
121;39;1.3;6.9;132;68;200;8;133;132;134;8
121;39;1.2;7.5;86;68;154;7;133;133;135;8
125;41;1.2;11.4;63;98;161;4;138;135;137;6
125;37;1.6;12.2;126;68;194;3;127;133;134;12
125;44;0.9;7.7;38;118;156;3;138;137;139;3
151;63;1.3;8.2;150;50;200;8;156;149;156;44
151;60;0.9;3.4;124;50;174;8;156;148;155;37
151;64;1.1;3;150;50;200;11;156;150;156;38
151;61;1.3;10.5;150;50;200;8;156;148;155;42
151;57;2.6;28.4;149;51;200;12;156;150;157;56
151;53;2.9;21.4;149;51;200;11;156;147;155;75
142;55;1.3;15.5;115;52;167;12;148;143;147;17
142;55;1.3;10;115;52;167;15;148;142;147;20
144;60;0.6;8.5;110;57;167;3;144;149;149;10
144;61;0.4;6.7;16;140;156;0;148;147;149;0
144;58;0.5;7.8;26;141;167;1;147;151;151;6
142;68;0.3;6.7;15;136;151;1;142;142;143;0
142;69;0.3;6.5;14;137;151;1;142;142;143;0
142;68;0.3;6.7;15;136;151;1;142;142;143;0
135;59;0.5;6.6;95;70;165;5;142;141;143;2
135;58;0.6;8;95;70;165;5;139;140;141;2
135;59;0.5;8.5;40;113;153;4;139;139;140;1
135;58;0.6;3.9;95;70;165;5;142;143;144;2
127;43;1.9;18.5;124;60;184;10;133;137;138;16
133;55;0.5;9.2;22;125;147;1;137;136;137;1
133;58;0.5;8.9;22;125;147;2;136;136;137;1
133;53;0.6;9.9;22;125;147;2;137;136;137;1
131;34;2.2;19;107;52;159;2;133;135;137;22
141;42;1.8;15.5;116;70;186;8;153;151;152;14
141;45;1.1;16.1;100;70;170;1;153;151;152;7
141;46;0.8;10.2;98;69;167;3;143;146;146;6
120;62;0.4;7.9;35;106;141;2;120;122;122;3
120;69;0.3;7;19;114;133;2;120;120;121;0
120;56;0.5;8.8;35;106;141;1;125;125;126;3
120;51;1.3;11.1;113;59;172;16;117;127;129;23
120;53;0.8;10.1;93;71;164;7;117;127;128;21
144;78;0.6;11;126;74;200;5;146;145;147;3
144;83;0.3;5.8;38;132;170;2;144;144;145;0
144;84;0.3;5.7;38;132;170;2;144;143;145;0
144;84;0.3;5.5;38;132;170;2;144;143;145;0
151;81;0.4;6.6;34;130;164;2;152;152;153;1
151;81;0.4;6.4;30;130;160;2;152;151;153;1
150;82;0.4;5.2;12;148;160;0;152;154;155;1
150;81;0.4;7.1;44;130;174;2;152;150;151;1
150;80;0.4;8.5;52;124;176;1;150;152;153;2
150;84;0.3;6.2;20;136;156;0;150;150;151;1
150;84;0.3;5.2;16;140;156;0;150;150;151;0
145;62;0.5;10.1;87;70;157;1;148;145;148;4
145;66;0.4;7.7;22;135;157;1;148;148;149;0
145;60;0.5;7.5;46;111;157;1;148;146;148;4
145;57;0.5;7.3;46;111;157;1;150;146;149;6
140;60;0.8;11.2;120;79;199;9;141;141;142;3
140;64;0.5;7.6;76;84;160;5;141;140;142;1
139;55;0.8;8.9;63;127;190;7;144;146;147;4
139;54;0.9;9.4;121;55;176;6;154;147;148;9
143;61;0.6;14.4;84;74;158;10;145;144;146;3
143;64;0.4;6.5;17;137;154;2;144;144;145;0
127;35;1.2;5.1;119;62;181;6;133;138;134;27
127;35;1.2;3.1;120;62;182;6;133;139;135;26
127;33;1.3;6.9;96;79;175;4;129;135;133;27
127;34;1.2;3.6;119;62;181;6;133;139;135;26
120;35;2.4;11.4;121;55;176;10;167;149;157;72
120;33;2.7;10.4;142;51;193;9;167;148;156;76
120;36;2.1;0.9;140;53;193;13;167;151;158;56
120;36;1.8;10.9;124;53;177;6;163;152;160;42
127;35;2.2;5.7;113;61;174;13;133;143;143;39
127;38;1.4;7.2;113;61;174;6;129;144;141;45
130;32;2.4;9.5;120;50;170;10;159;150;155;27
130;34;2.1;3;132;50;182;8;159;151;155;25
130;31;2.6;14;120;50;170;12;157;151;156;24
130;34;2.1;5.6;132;50;182;10;159;150;155;26
131;29;3.7;4.8;120;51;171;11;150;144;151;33
131;31;3.2;7.1;133;53;186;10;150;144;149;25
130;36;1.9;20.5;118;54;172;6;154;148;154;26
130;34;2.1;17.2;118;52;170;5;159;146;151;39
128;40;1.1;12.7;123;59;182;7;129;139;136;25
128;39;1.2;12.8;123;59;182;8;129;138;135;25
157;49;0.7;4.9;39;153;192;0;163;166;166;6
157;50;0.6;5.6;39;153;192;1;165;166;166;4
157;48;0.7;5.3;39;153;192;1;163;167;166;6
157;49;0.7;3.3;38;154;192;2;161;167;166;9
154;48;0.7;7.4;66;123;189;3;161;164;164;8
154;45;0.8;3.5;47;142;189;2;161;166;165;10
154;56;0.6;9.2;31;140;171;1;161;160;162;2
154;56;0.6;5.4;26;153;179;1;161;161;162;1
130;43;1;5.1;88;71;159;5;133;142;142;17
130;46;0.8;6.9;88;71;159;3;133;141;139;15
130;42;1;3.7;105;76;181;3;133;141;140;15
130;43;1;4.1;110;71;181;3;153;143;146;17
126;41;1.3;10.7;127;66;193;9;129;133;133;11
126;42;1.5;7.8;147;51;198;9;133;136;134;13
126;40;1.1;12.5;86;66;152;3;129;129;131;3
126;40;1.1;10.1;27;120;147;1;129;129;130;1
158;41;0.9;13.2;47;151;198;4;186;178;180;15
158;41;0.8;0;45;153;198;2;186;180;183;11
158;40;0.9;0;40;158;198;1;186;182;186;9
158;42;0.9;2.8;43;151;194;2;180;175;178;10
142;36;1.9;2.5;148;51;199;12;180;164;171;53
142;38;1.3;0;62;127;189;8;180;171;176;22
142;38;1.1;0;76;112;188;2;176;173;176;11
142;32;2.3;0;144;56;200;10;170;158;162;37
142;32;3.1;1.6;149;51;200;10;167;154;160;55
142;38;1.3;0;130;68;198;5;180;173;177;14
137;59;0.8;13.4;97;70;167;8;143;144;145;5
137;60;0.6;13.1;96;71;167;3;143;144;144;3
137;63;0.5;7.5;96;71;167;3;143;141;143;1
138;52;1;14.8;102;74;176;8;142;141;143;3
138;55;0.7;6.7;102;74;176;4;142;141;142;1
143;65;0.6;14.9;93;72;165;4;144;144;146;3
143;66;0.5;13.5;93;72;165;4;144;144;146;2
143;65;0.5;10.4;111;56;167;4;143;144;145;1
145;51;0.8;8.7;92;74;166;4;159;155;157;5
145;54;0.6;6.6;21;145;166;0;157;156;158;1
140;52;0.8;16.2;108;57;165;7;146;145;147;4
140;53;0.7;14.8;84;72;156;4;143;145;146;3
145;66;0.4;7.4;30;124;154;4;146;145;147;1
145;70;0.3;5.3;14;139;153;1;146;146;147;0
145;63;0.4;10.4;31;123;154;4;146;144;147;1
138;59;0.5;4.9;54;100;154;5;147;145;148;3
141;58;0.5;8.1;23;130;153;1;144;143;145;1
141;61;0.4;6.9;19;133;152;1;144;143;145;0
141;60;0.5;7.8;25;128;153;1;146;144;146;1
136;35;5.7;29.6;148;52;200;5;146;150;151;62
136;35;4.9;5.2;148;52;200;11;146;159;162;74
140;35;5;29.3;126;50;176;10;148;143;148;43
140;35;4;23.1;127;50;177;9;143;137;143;27
140;38;5.4;34.7;149;50;199;8;148;148;151;43
140;38;3.5;21.7;127;50;177;5;143;141;145;25
130;40;2.9;27.3;144;51;195;6;133;134;138;27
130;36;2.5;8.7;144;51;195;7;133;134;134;38
130;35;2.8;11.6;144;51;195;8;127;133;131;53
130;37;1.8;3;90;58;148;4;127;121;126;21
128;37;2.8;16;136;55;191;9;129;130;129;37
128;46;2.1;11.6;114;50;164;8;129;123;128;17
128;30;3.1;14.9;141;50;191;10;125;133;128;69
128;28;3.4;20;137;54;191;9;125;137;130;79
128;45;2.8;10.4;128;51;179;9;133;132;135;24
128;43;2.5;3.9;149;50;199;11;133;130;133;21
128;50;1.9;5.9;141;51;192;8;133;133;136;15
128;42;2.4;4.5;149;50;199;12;133;130;133;24
128;36;3.4;15.2;145;53;198;6;133;136;134;65
128;39;2.7;18.9;128;51;179;6;133;125;130;24
128;36;3.8;20.5;148;51;199;7;133;141;136;83
128;36;3.8;18.5;145;53;198;7;133;139;135;79
128;37;4.1;26.3;147;52;199;7;133;147;140;100
128;34;4.9;16;147;52;199;7;133;155;163;137
128;38;2.6;14.8;128;51;179;5;133;124;129;25
128;39;2.6;17.1;128;51;179;7;133;126;132;22
136;69;0.8;17.2;126;54;180;5;140;139;141;7
120;41;1.1;9.2;71;105;176;6;123;131;127;30
120;45;0.8;11.2;27;109;136;2;123;124;126;2
120;37;1.1;9.6;25;112;137;1;127;127;129;2
120;41;1.1;9.9;67;105;172;4;123;127;126;16
120;40;1;8.7;64;112;176;4;123;132;128;31
120;42;1;9.4;67;109;176;7;123;131;127;31
120;42;1.1;12.9;116;54;170;10;115;118;117;14
120;45;0.9;9.9;39;102;141;3;115;114;116;1
120;40;1.1;14;29;106;135;1;121;119;121;3
120;36;1.5;13.5;112;62;174;6;119;129;125;42
120;38;1.3;15.8;59;103;162;6;119;118;120;4
120;38;1.3;16;59;103;162;4;119;120;121;4
120;35;1.7;9.6;127;62;189;7;125;136;132;49
120;35;1.5;14.9;78;96;174;5;161;142;139;70
120;35;1.6;2.1;96;78;174;7;161;141;138;75
120;37;1.5;11.3;96;78;174;4;119;132;128;51
148;77;0.5;9.6;32;140;172;2;150;152;153;2
148;79;0.4;10;20;140;160;1;150;151;153;1
148;82;0.4;8.4;18;142;160;0;150;151;151;0
148;77;0.5;10.2;32;140;172;1;150;150;151;1
148;78;0.5;10;32;140;172;1;150;150;151;1
148;75;0.6;10.7;32;140;172;1;150;150;151;0
144;73;0.6;9.3;94;82;176;4;156;154;155;5
144;76;0.6;11.8;54;126;180;2;156;153;155;5
144;71;0.8;2.7;94;82;176;3;156;154;155;6
144;73;0.7;5.2;98;82;180;3;156;154;157;5
144;67;0.9;9.7;98;72;170;4;146;147;149;4
147;71;0.7;9.5;82;116;198;2;156;158;159;10
147;67;0.8;10.9;72;120;192;1;156;157;157;11
148;73;0.7;9.9;82;116;198;2;158;159;159;11
144;34;1.6;19.8;104;71;175;4;148;149;151;11
144;36;1.4;11.5;119;57;176;2;148;150;150;12
144;35;1.8;24.7;118;56;174;6;151;148;151;12
144;33;1.7;21.5;103;71;174;5;150;149;151;10
143;39;1.6;10;136;60;196;9;148;149;150;8
146;41;1.9;27.3;130;50;180;7;154;152;155;18
146;40;1.9;25.6;122;50;172;4;154;151;155;16
146;40;2;26.1;133;50;183;8;156;154;157;20
146;41;1;1.4;113;73;186;3;157;162;164;13
142;30;2.9;36.9;108;50;158;1;141;140;144;9
142;40;1.1;10.8;97;57;154;2;148;144;147;4
142;45;1.1;8.7;131;51;182;5;146;153;152;19
142;45;1.2;4.5;134;51;185;5;156;158;158;14
142;43;0.8;9.4;27;137;164;2;146;145;146;1
133;36;3.1;27.6;105;54;159;4;143;137;142;28
133;38;2.5;19.4;113;54;167;3;143;137;141;22
130;45;2.8;29;114;52;166;2;134;135;137;24
130;46;2.5;28;114;52;166;2;134;138;139;23
132;37;2.4;17;115;52;167;10;141;140;143;33
120;46;1.5;19;132;57;189;9;125;123;126;15
120;50;0.7;6;20;116;136;0;125;123;125;1
134;47;2.7;0;110;60;170;5;150;147;153;31
134;48;2.2;0;120;50;170;5;160;150;155;28
144;51;1.1;21.7;115;71;186;9;153;151;153;6
144;47;0.8;13.6;90;74;164;5;153;151;152;3
144;62;0.5;6.1;11;148;159;1;153;154;155;0
143;50;1.1;12.2;126;74;200;8;148;147;149;4
143;57;0.6;10.4;98;74;172;2;150;148;150;1
143;56;0.6;8.9;59;106;165;3;148;149;150;1
143;44;1.3;11.4;101;80;181;6;146;147;148;5
138;45;1;12.8;115;71;186;7;144;144;145;6
138;42;1;13.6;115;71;186;5;144;143;144;6
138;38;1.2;16.5;84;71;155;4;144;140;142;5
138;38;1.2;19.7;90;71;161;3;144;141;142;5
136;40;2.3;19.4;139;51;190;5;144;142;145;17
136;46;1.3;6.9;149;51;200;12;144;145;147;8
123;73;0.3;5.2;28;108;136;3;123;124;125;1
123;76;0.2;3.3;11;118;129;1;123;122;124;0
123;60;0.6;10.4;52;84;136;4;125;124;126;2
123;74;0.3;5.9;52;84;136;3;123;124;126;1
123;72;0.3;6.5;52;84;136;3;123;123;124;1
123;70;0.3;5.9;30;101;131;1;123;123;124;1
123;73;0.3;2.9;9;120;129;2;123;124;125;0
123;74;0.3;2.8;9;120;129;2;123;124;125;0
123;70;0.3;6.8;31;100;131;0;123;121;123;1
123;70;0.3;4.4;19;110;129;2;123;124;125;1
123;71;0.3;4.1;19;110;129;1;123;123;124;0
130;22;1.6;8.8;95;62;157;7;134;133;134;4
130;23;1.6;9.6;115;62;177;9;134;134;135;5
130;22;1.4;7.2;32;120;152;2;133;132;134;1
130;24;1.2;7.6;35;120;155;1;134;133;135;1
130;21;1.4;7.3;33;119;152;1;133;131;133;2
130;23;1.3;5.7;32;120;152;2;133;133;134;1
128;23;6.3;0;144;52;196;10;90;98;91;95
138;57;1.4;8.9;132;60;192;9;142;127;138;75
138;57;1.3;10.2;132;60;192;11;140;126;137;75
138;60;1;7.5;118;69;187;10;142;130;140;61
138;61;1;10;118;69;187;12;140;130;140;55
138;62;0.5;8.1;27;121;148;1;142;140;142;1
138;65;0.4;7;20;129;149;3;141;140;142;1
138;58;1.1;6.9;132;60;192;8;141;132;141;47
141;54;0.9;9.5;124;60;184;12;150;139;147;49
141;56;0.9;8.5;136;60;196;8;150;137;147;68
141;47;0.8;9.7;54;103;157;6;154;144;147;15
141;62;0.5;7.8;34;125;159;1;150;146;149;2
140;57;1.3;3.4;138;50;188;5;176;163;167;35
140;57;1.3;9.9;138;50;188;4;176;164;169;31
140;55;1.4;0;138;50;188;3;150;164;167;40
140;59;1.1;0;62;120;182;1;176;163;169;30
140;56;1.4;0;138;50;188;3;176;163;167;35
140;58;1.2;4.2;126;62;188;4;176;164;169;27
142;50;1.2;23.8;104;58;162;8;148;144;147;8
142;54;0.6;11;52;120;172;3;148;145;147;2
140;34;2.9;40.8;114;66;180;9;147;145;148;22
132;35;2.7;0;145;54;199;9;75;90;78;104
132;37;2.3;0;111;54;165;5;75;87;77;86
133;27;1.5;14.8;70;88;158;1;140;135;138;10
133;26;1.6;12.9;87;71;158;2;141;135;139;13
133;29;1.3;15.6;34;113;147;1;134;134;136;3
133;26;1.6;14.2;70;88;158;2;140;135;139;12
133;28;1.6;9.7;87;71;158;2;141;137;141;11
133;21;2.3;15.7;107;67;174;7;143;125;135;76
133;18;2.7;21.5;107;67;174;4;115;120;121;48
133;25;1.7;13.3;106;68;174;7;143;132;138;41
133;24;2.1;13.4;125;53;178;6;143;128;138;69
133;29;1.7;9.5;118;59;177;7;133;129;133;27
133;35;1.3;5.4;88;68;156;7;133;133;136;18
133;24;1.9;5.7;99;59;158;5;133;124;130;35
133;32;1.6;8.4;90;68;158;4;133;133;135;18
131;29;2;8.1;111;54;165;14;129;112;128;103
131;34;2.2;3.8;128;54;182;10;75;99;102;148
130;25;1.9;8.3;141;57;198;16;129;125;131;35
130;29;2.2;7.8;136;54;190;13;129;106;122;129
131;61;1.9;12.3;128;56;184;11;134;120;131;57
131;80;0.3;7.6;49;96;145;3;108;125;128;45
130;80;0.3;7.4;49;96;145;3;108;123;122;39
130;80;0.3;0;29;107;136;1;108;120;120;23
133;60;0.7;9.9;128;72;200;8;133;132;134;2
133;64;0.4;3.7;12;126;138;1;133;132;134;0
130;54;0.6;8.7;30;116;146;2;133;133;134;1
130;55;0.5;7.6;20;124;144;1;133;132;134;0
126;56;0.5;7.5;26;116;142;2;129;128;130;1
126;56;0.5;6.7;27;116;143;2;129;127;129;1
126;41;2.1;25.8;120;50;170;8;129;129;132;19
126;41;1.7;21.4;100;50;150;4;133;130;132;10
120;43;1.4;18.4;106;50;156;8;129;129;130;11
132;55;0.6;8.3;42;115;157;2;133;138;139;7
132;52;0.6;8.2;42;115;157;2;142;141;142;3
132;58;0.5;7.8;36;120;156;2;133;135;134;3
132;64;0.4;6.3;22;121;143;2;133;132;133;0
132;51;0.7;12.3;41;115;156;2;136;137;139;2
129;64;0.4;5.3;23;118;141;1;131;130;132;0
129;65;0.4;3.9;7;127;134;1;131;130;132;0
143;65;0.3;6.5;24;131;155;2;147;145;147;1
143;70;0.3;5.1;13;142;155;1;147;146;148;0
142;55;0.6;12.2;44;116;160;4;145;145;147;2
128;52;0.6;6.7;36;121;157;4;140;138;139;5
128;54;0.6;6.5;36;121;157;3;140;138;139;5
129;55;0.6;10.3;58;101;159;3;140;138;140;2
129;52;0.6;3.8;36;121;157;0;133;138;138;11
120;50;0.7;7.2;94;60;154;2;123;126;125;7
120;50;0.7;6.1;94;60;154;2;123;126;125;10
120;53;0.6;8.1;19;116;135;1;125;123;125;1
120;45;0.8;8.7;44;116;160;2;153;142;147;27
120;51;0.6;7.5;38;116;154;3;123;125;125;5
124;41;1.3;9.3;73;115;188;9;150;145;151;12
129;44;1;5.2;113;75;188;6;150;141;146;18
129;40;1.4;7.5;73;115;188;10;150;145;150;12
129;40;1.4;8.5;73;115;188;9;150;147;151;9
123;39;2.1;21.3;88;58;146;7;127;127;129;14
123;39;1.5;16;95;51;146;6;129;128;130;9
120;41;2.2;25.2;107;58;165;4;121;124;126;16
120;39;1.9;17.7;105;60;165;5;129;127;129;12
139;54;0.7;7.3;101;65;166;2;147;145;147;5
139;61;0.4;6.4;17;138;155;1;147;146;148;0
142;28;3.1;4.2;135;53;188;8;143;130;139;57
142;14;4.5;0;125;53;178;14;97;115;115;85
142;23;3.6;1.9;144;50;194;12;143;127;135;72
142;29;2.7;2.8;144;50;194;8;143;132;139;42
142;25;3.1;2.5;144;50;194;7;143;129;137;56
134;79;0.2;5.5;17;128;145;2;135;135;136;1
134;81;0.2;4.9;16;129;145;2;135;135;136;1
134;83;0.2;3.5;11;130;141;1;135;134;136;0
134;79;0.2;5.5;17;128;145;2;135;135;136;1
130;56;0.5;7.2;55;125;180;4;129;132;132;3
130;56;0.5;7.5;19;125;144;2;129;131;132;2
130;59;0.4;6.8;21;125;146;1;129;132;133;3
130;59;0.4;6.6;21;125;146;2;129;132;132;2
129;47;1.1;21.9;91;52;143;3;131;130;132;7
129;48;0.9;11.2;71;66;137;1;131;130;132;2
129;61;0.6;10.8;122;65;187;7;129;132;133;5
129;66;0.4;9.1;20;122;142;0;132;132;133;1
129;61;0.4;6.7;67;111;178;4;143;138;140;7
129;61;0.4;5.8;29;121;150;2;143;137;139;7
129;69;0.3;7.6;25;127;152;0;139;135;136;4
129;59;0.9;19.4;118;66;184;18;133;135;137;7
141;67;0.4;9.2;78;70;148;2;143;141;143;1
141;76;0.2;4.3;12;134;146;1;142;140;142;0
141;61;0.4;5.3;13;135;148;1;144;143;145;0
135;67;0.4;4.6;76;67;143;2;137;136;138;0
135;68;0.3;3.9;10;133;143;1;137;136;138;0
134;81;0.2;1.3;3;133;136;1;135;134;136;0
134;80;0.2;1.3;3;133;136;1;135;134;136;0
130;78;0.2;2;28;105;133;6;131;130;132;1
130;74;0.4;2.5;60;105;165;6;131;128;131;3
130;79;0.2;1.7;6;127;133;1;130;130;131;0
130;75;0.3;2.1;60;105;165;6;130;129;131;1
137;77;0.2;6.6;29;127;156;2;138;141;141;3
137;75;0.2;6.9;24;127;151;2;138;139;140;1
137;75;0.2;7;24;127;151;2;138;139;140;1
137;75;0.2;7.1;24;127;151;2;138;139;139;1
128;73;0.2;7.3;22;122;144;1;129;132;133;3
128;73;0.3;7.1;22;122;144;1;129;130;131;1
128;78;0.2;6.8;17;127;144;2;133;135;135;2
128;74;0.2;6.9;22;122;144;1;133;130;132;1
133;69;0.4;10;58;127;185;5;133;136;137;4
133;72;0.3;8.8;32;115;147;2;133;136;136;3
117;53;0.7;12;77;56;133;6;123;121;123;3
117;51;0.8;13.3;77;56;133;5;123;122;124;2
123;52;0.8;15.4;90;50;140;7;129;128;130;4
123;52;0.8;14.3;77;63;140;7;127;128;130;5
123;56;0.7;7.4;71;81;152;4;127;129;131;4
123;50;0.9;14.8;82;58;140;7;129;128;130;5
123;50;0.9;14.8;82;58;140;7;129;128;130;5
146;55;0.7;8.2;72;93;165;4;150;147;150;6
146;52;0.8;8.6;72;93;165;3;152;147;151;9
146;49;0.9;8.7;80;86;166;3;152;147;151;11
146;64;0.4;7.2;19;137;156;2;150;147;150;1
146;66;0.4;7;19;138;157;1;150;147;150;1
146;65;0.4;7;19;137;156;1;150;149;151;1
146;65;0.4;7;19;137;156;1;150;149;151;1
146;65;0.4;6.6;22;134;156;3;152;150;152;1
146;69;0.3;4.6;11;145;156;0;152;150;152;0
146;65;0.4;7;28;134;162;4;152;150;152;1
146;65;0.4;7.4;30;134;164;1;150;149;151;1
146;27;1.9;6.4;81;86;167;5;151;140;145;31
146;28;1.7;12.3;80;86;166;3;151;142;146;22
146;50;0.6;9.1;43;120;163;3;160;155;157;5
146;53;0.5;8.2;27;136;163;2;160;156;158;2
146;53;0.5;8.2;27;136;163;2;160;156;158;2
146;42;1;7.5;88;84;172;2;157;151;156;17
146;61;0.4;6.8;45;118;163;5;157;154;157;2
146;53;0.7;8.1;70;93;163;4;157;152;156;8
146;37;1.3;7.2;79;93;172;2;162;152;156;23
146;38;1.2;6.9;78;94;172;2;162;154;158;19
146;31;1.5;6.5;88;84;172;1;162;150;156;36
146;28;1.6;6.4;93;80;173;4;148;148;151;28
146;28;1.4;6.7;83;80;163;4;148;145;151;24
146;28;1.4;6.7;85;80;165;5;148;146;151;25
152;60;0.4;8;36;128;164;2;160;157;160;2
152;59;0.5;9.1;36;128;164;2;160;157;160;2
152;61;0.4;6.1;34;129;163;3;160;157;160;1
152;60;0.4;7.1;34;129;163;3;160;157;160;1
152;62;0.4;3.9;10;152;162;1;160;158;160;0
152;60;0.4;4;13;150;163;1;160;158;160;0
152;61;0.4;5.8;30;134;164;4;160;158;160;1
152;61;0.4;6.7;41;123;164;4;160;158;160;1
152;62;0.4;5.6;25;136;161;0;159;156;158;1
152;58;0.5;7.1;53;110;163;4;159;154;157;4
152;55;0.6;6.7;64;99;163;4;159;154;158;5
152;59;0.5;9.5;38;126;164;3;160;157;159;2
152;58;0.5;7.5;54;110;164;3;159;155;158;4
152;57;0.6;6.8;53;110;163;4;159;154;158;5
152;61;0.5;3.4;61;99;160;4;159;155;158;4
152;56;0.6;6.8;61;99;160;3;157;153;156;5
152;57;0.5;8.7;41;123;164;4;160;158;161;1
128;23;2.4;4.6;101;70;171;7;155;140;144;46
128;16;3.3;3.7;114;57;171;6;136;130;136;26
128;20;2.6;13.2;92;79;171;2;151;137;142;39
128;26;2.2;5.7;95;79;174;2;157;142;146;43
138;45;0.7;6.5;39;113;152;3;141;139;141;1
138;45;0.7;6.7;39;113;152;3;141;139;141;1
138;46;0.7;7.8;39;113;152;4;141;138;141;2
138;42;0.8;7.8;39;113;152;3;141;139;142;1
138;42;0.7;7.2;39;113;152;2;141;139;142;1
138;44;0.6;5.1;19;130;149;1;141;140;142;0
138;43;0.6;5.4;19;130;149;1;141;140;142;0
138;39;0.8;10.5;49;105;154;5;141;141;142;1
138;39;0.8;10.9;49;105;154;5;142;141;143;1
138;40;0.8;10.8;49;105;154;5;142;141;143;1
138;41;0.8;10.3;51;105;156;4;142;142;143;2
138;41;0.8;10.3;51;105;156;4;142;142;143;2
138;43;0.7;8.3;25;131;156;0;142;142;144;1
138;45;0.7;6.5;25;131;156;0;147;145;146;2
138;39;0.8;9.1;23;131;154;2;142;141;143;1
138;41;0.7;7.8;25;129;154;2;140;140;141;1
138;44;0.7;5;16;129;145;1;141;140;142;0
142;45;0.7;8.9;25;132;157;1;145;144;146;1
142;43;0.8;9.6;25;132;157;1;145;144;146;1
142;44;0.8;11.1;32;126;158;1;145;146;147;2
142;41;0.8;12.6;32;126;158;0;151;146;148;5
142;41;0.9;11.7;35;123;158;0;151;146;149;7
142;39;0.9;12;32;127;159;1;151;147;149;4
142;46;0.7;5.9;26;133;159;1;150;148;150;1
142;36;1;12;95;71;166;5;145;145;146;2
142;44;0.7;7.1;28;130;158;3;147;146;148;0
142;45;0.7;8.4;24;135;159;0;150;149;150;1
142;38;0.9;11.4;32;127;159;1;151;146;149;5
142;49;0.6;7.1;17;140;157;1;150;148;150;0
142;43;0.7;7.2;28;130;158;3;147;146;148;0
142;44;0.7;7.3;39;119;158;4;147;146;148;1
136;42;0.7;4;38;120;158;2;141;143;144;3
136;42;0.7;4.3;38;120;158;2;141;143;144;3
136;42;0.7;4.5;38;120;158;2;141;142;143;2
136;42;0.7;4.5;37;120;157;3;141;141;142;1
136;44;0.7;4.1;24;133;157;1;140;141;142;1
136;44;0.7;7.1;27;126;153;2;142;140;142;1
135;42;0.8;8.5;34;119;153;3;142;140;142;1
135;41;0.8;9.5;34;119;153;3;142;140;142;2
136;40;0.8;10.3;35;119;154;2;138;139;140;2
136;39;0.9;11.2;47;107;154;1;138;139;139;2
136;37;0.9;12.1;36;118;154;2;138;139;141;2
136;37;0.9;11.7;47;107;154;2;138;139;140;2
136;39;0.9;12.6;41;110;151;3;139;139;140;1
136;36;0.9;10.4;29;124;153;2;139;139;140;1
136;37;0.9;8.8;33;124;157;3;139;139;140;1
136;39;0.8;6.6;33;124;157;4;141;139;141;1
136;44;0.7;5.3;12;135;147;1;141;140;142;0
136;45;0.6;4.3;19;135;154;2;141;141;142;0
136;51;0.5;6.2;15;135;150;1;144;143;144;0
136;52;0.5;6.1;14;136;150;1;144;143;145;0
136;46;0.6;4.7;18;136;154;1;141;141;142;0
136;47;0.6;5.3;18;136;154;1;141;141;142;0
136;51;0.6;6.2;12;136;148;1;144;142;144;0
136;43;0.7;5.2;23;131;154;3;141;140;142;0
144;38;0.8;8.7;27;134;161;1;148;147;149;1
144;36;0.8;10.4;27;134;161;0;147;147;148;1
144;37;0.9;11.5;27;134;161;0;148;148;149;1
144;35;0.9;10.8;36;125;161;0;150;148;150;2
144;32;1;13.2;38;122;160;1;150;147;149;2
144;30;1.1;13.5;43;122;165;0;148;147;149;3
144;32;1.2;12.6;58;117;175;4;148;150;150;8
144;29;1.4;18.1;58;117;175;3;150;149;150;9
144;26;1.6;20.8;76;99;175;3;150;148;150;12
144;22;1.8;21.3;76;96;172;3;148;144;147;11
146;28;1.5;22.3;82;92;174;6;150;147;150;8
146;30;1.3;17.6;75;93;168;5;147;145;148;6
146;30;1.1;4.7;59;99;158;3;147;143;147;5
146;29;1.2;7;62;107;169;2;150;147;149;7
146;29;1.3;7.5;70;99;169;2;150;148;150;7
146;28;1.3;6.9;65;120;185;7;153;154;155;6
146;27;1.3;9.4;62;126;188;4;157;156;157;5
146;19;3.4;15;150;50;200;8;148;139;146;36
146;25;2.5;11.2;92;80;172;8;155;145;152;32
146;27;1.5;14.4;55;119;174;5;155;152;155;8
122;40;0.7;8;23;106;129;1;125;121;124;3
122;37;0.8;9.4;33;99;132;2;123;122;124;1
122;32;1.2;8.7;52;95;147;3;123;122;124;4
122;27;1.6;3.2;60;87;147;1;123;118;123;18
122;33;1.1;7.2;60;87;147;4;120;115;120;11
122;36;1;7.7;42;87;129;2;123;117;121;10
122;39;0.8;8.4;23;106;129;1;123;119;121;2
122;37;0.8;10;26;109;135;2;123;125;126;2
122;31;1;9.5;32;101;133;2;123;122;124;3
122;31;1.2;8.3;60;87;147;2;120;119;123;9
122;31;1.3;8.8;52;95;147;2;120;123;124;5
122;31;1.2;6.7;57;93;150;2;133;130;134;12
122;23;1.7;9.3;73;84;157;3;126;121;122;14
122;27;1.4;12.3;53;91;144;4;126;120;122;6
122;26;1.5;7.7;68;89;157;2;125;122;124;11
122;28;1.4;8.5;52;89;141;3;125;120;123;9
122;32;1.2;6.5;57;93;150;2;133;130;134;12
122;34;1;8.3;53;97;150;3;133;132;134;3
122;30;1.3;11.6;51;89;140;1;127;121;125;8
122;34;0.9;12.1;30;108;138;1;127;125;128;2
122;26;1.5;10;66;91;157;3;126;121;123;11
126;25;1.8;14.6;102;52;154;3;136;130;134;12
126;30;1.2;10.8;52;95;147;3;136;131;134;7
126;33;1;13.7;32;109;141;1;131;131;133;2
126;34;0.9;14.8;31;111;142;1;133;132;134;2
126;34;1;15.2;33;109;142;1;134;131;134;3
136;56;1.1;7.4;95;74;169;4;140;137;140;12
136;66;0.4;5.6;24;127;151;1;142;140;142;0
136;61;0.5;8;31;124;155;9;142;140;141;2
136;54;0.7;10.5;43;118;161;7;136;141;141;8
136;54;0.5;9.5;49;118;167;1;151;149;151;7
136;24;2.3;0;116;51;167;6;126;115;122;57
138;46;1;3.9;116;51;167;6;151;144;151;30
142;32;1.3;14.6;82;76;158;4;147;141;144;12
142;30;1.4;17.2;83;76;159;4;144;142;145;10
142;45;0.8;11.1;47;113;160;4;150;148;151;4
142;39;0.8;10.2;53;106;159;7;150;149;151;2
142;34;1.1;19.6;67;94;161;5;151;146;149;8
142;31;1.2;24.1;67;94;161;2;151;145;148;10
136;35;1.2;7.6;94;65;159;5;144;140;144;19
136;37;1.2;8.6;94;64;158;2;139;137;141;21
136;35;1.1;11.5;86;69;155;3;136;133;137;14
136;32;1.3;17.5;102;61;163;7;136;133;137;17
136;32;1.3;12.9;92;71;163;4;133;133;137;19
136;33;1.3;8;81;73;154;4;133;132;135;17
136;33;1.2;14.4;91;61;152;5;136;132;137;17
133;20;2.6;22.5;98;63;161;7;136;126;135;54
133;20;2.7;18.5;98;63;161;7;136;124;134;61
133;35;1.3;27;90;67;157;7;139;135;139;16
133;33;1.4;12.8;87;65;152;6;136;130;137;26
133;37;1.3;14.6;81;71;152;4;136;130;136;24
133;27;1.8;17.8;92;61;153;5;142;134;140;29
133;28;1.6;15.2;96;57;153;5;141;135;140;26
133;29;1.7;23.4;89;64;153;9;142;135;141;22
133;27;1.7;20.4;89;64;153;9;142;135;140;21
133;37;1.1;29.1;90;67;157;9;140;136;140;12
133;41;1;28.9;73;84;157;8;140;136;140;8
133;44;0.8;17.8;65;82;147;2;140;136;139;8
131;29;2.1;3.6;108;59;167;7;135;120;132;72
131;25;2.4;3.9;108;59;167;7;136;120;134;82
131;32;1.8;2.3;97;59;156;3;135;120;133;70
131;39;1;2.5;68;73;141;5;135;124;134;39
131;32;2.2;6.1;108;59;167;6;143;125;137;91
131;42;1;4.6;102;51;153;6;143;134;141;34
131;40;1.1;4.9;100;51;151;7;143;132;139;43
131;33;1.9;2.4;127;51;178;7;142;126;139;90
131;35;1.7;0;126;52;178;6;143;128;142;92
131;38;1.3;2.9;95;58;153;5;143;131;142;64
131;42;0.9;3.2;79;74;153;2;142;136;142;24
131;29;1;13;31;117;148;0;129;133;134;5
131;29;1;12.9;31;115;146;0;129;131;132;3
131;29;1;12.4;27;122;149;0;136;136;138;2
131;25;1.3;6.8;42;117;159;1;136;138;139;5
131;24;1.3;7.3;42;117;159;2;136;138;139;5
131;28;1.4;4.3;52;118;170;8;143;145;145;8
131;29;1.3;4.5;89;82;171;8;143;145;145;9
131;23;1.5;6.6;52;124;176;3;148;148;149;7
131;25;1.4;6.5;91;87;178;6;136;144;144;17
131;25;1.3;6.8;82;87;169;5;136;141;141;9
131;27;1.4;8.7;52;118;170;7;148;146;147;7
131;28;1.3;4;89;82;171;7;143;146;146;8
129;27;1.2;7.9;60;98;158;3;133;133;134;4
129;28;1.1;7.1;30;122;152;1;133;133;134;2
129;25;1.5;11.3;59;103;162;4;129;132;131;14
129;23;1.5;12.6;44;115;159;1;133;139;141;11
129;24;1.5;13.4;45;114;159;1;133;138;138;9
129;23;1.5;0.5;53;109;162;5;144;143;145;8
129;22;1.6;0.5;58;108;166;4;141;143;144;9
129;22;1.5;10.6;53;109;162;4;147;143;146;7
129;21;1.5;4.5;54;108;162;4;144;142;144;8
129;22;1.6;0;58;108;166;4;141;142;144;11
129;23;1.6;0;54;112;166;4;138;143;144;13
122;15;2.7;19.6;129;51;180;6;122;122;123;43
122;13;3;21.1;129;51;180;6;122;122;123;54
122;13;3.2;20.8;129;51;180;5;119;119;121;62
122;17;2.1;15.4;71;95;166;2;122;124;123;18
122;12;3.6;25.3;129;51;180;7;122;119;122;79
139;33;1.1;12.8;40;131;171;1;144;144;145;3
139;34;1.1;14.1;36;129;165;2;144;143;144;2
139;41;0.8;8.2;42;131;173;2;144;144;145;3
139;34;1;8.1;42;131;173;4;144;145;146;3
139;39;0.8;7.6;34;136;170;1;144;146;146;3
139;38;0.9;7.1;34;136;170;1;144;146;146;4
139;37;1.3;7.8;106;68;174;7;141;143;145;13
139;38;1;11.7;47;114;161;2;142;141;142;3
139;35;1;11.6;28;131;159;0;144;143;145;1
135;29;1.3;10.4;37;123;160;3;138;139;140;3
135;28;1.4;9.7;40;120;160;2;138;139;140;2
135;27;1.4;8.5;106;64;170;4;138;140;141;8
135;26;1.3;10.1;37;123;160;1;137;138;139;2
135;26;1.6;6;106;64;170;4;141;138;141;16
135;23;1.8;8.8;112;60;172;6;139;137;140;20
135;27;1.5;5.8;96;69;165;5;143;139;142;17
135;23;1.7;8.4;88;69;157;6;139;134;139;17
135;24;2.5;3.9;98;80;178;4;143;143;146;15
135;25;2.5;4.6;89;89;178;5;143;145;147;10
135;24;1.5;13.1;55;102;157;4;136;134;136;9
135;23;1.6;9.1;67;90;157;3;133;133;135;10
136;23;2.4;5.9;52;117;169;2;143;145;146;7
136;22;2.3;7.2;64;114;178;3;145;144;145;6
135;25;1.5;8.9;68;90;158;3;136;134;136;10
135;26;1.5;3.4;68;90;158;4;139;137;139;10
125;32;1;6;33;97;130;1;123;121;124;2
125;35;0.9;6.9;43;101;144;4;126;125;127;2
125;37;0.8;7.1;22;116;138;2;126;125;127;1
125;38;0.8;6.2;28;116;144;1;131;129;131;1
125;38;0.8;6.7;25;118;143;1;131;129;131;0
125;37;0.8;8.7;42;103;145;2;131;129;132;1
125;38;0.8;9;35;103;138;2;131;129;131;1
125;37;0.8;8;34;103;137;1;131;129;131;1
125;38;0.8;8.8;42;103;145;2;131;129;132;1
125;38;0.8;9.5;35;103;138;2;131;129;131;1
125;36;0.9;6.5;45;115;160;2;131;131;131;3
125;37;0.8;6.7;30;115;145;2;131;130;132;1
125;33;0.9;6.6;48;116;164;2;127;131;131;6
125;32;1;6.3;50;114;164;2;127;131;130;9
125;28;1.2;7.9;87;79;166;4;131;132;132;8
125;26;1.3;8;87;79;166;4;131;133;132;11
127;33;1;6.7;54;114;168;3;131;135;133;12
127;34;1;6.1;54;114;168;1;131;136;134;15
127;30;1.4;6.7;119;63;182;9;134;138;137;18
127;32;1.1;7;57;114;171;2;127;137;135;23
127;22;2.1;22.7;119;63;182;6;131;133;135;32
127;21;2.2;24.9;101;81;182;5;131;131;133;26
127;18;2.5;19.1;83;76;159;5;120;118;121;20
127;20;2.2;19.3;78;81;159;4;131;122;124;23
127;17;2.8;3.7;81;76;157;3;114;112;115;16
127;17;2.8;3.7;81;76;157;5;114;113;116;16
127;32;1;7.5;57;114;171;1;131;135;134;14
127;33;1;7.6;32;114;146;0;129;130;132;3
127;19;2.3;25.1;78;81;159;2;131;123;125;23
127;19;2.3;25.4;78;81;159;4;131;125;128;19
133;32;1.4;6.3;83;96;179;5;163;149;149;37
133;31;1.4;1.3;83;96;179;7;163;151;154;31
133;28;1.6;0;89;91;180;7;163;152;158;34
133;33;1.2;4.4;82;97;179;7;163;156;161;19
133;17;2.4;2.1;98;82;180;4;126;137;138;61
133;16;2.6;0;98;82;180;5;131;138;136;54
133;27;1.7;11.4;95;82;177;4;147;133;138;43
133;31;1.4;13;82;82;164;5;147;135;140;31
136;36;1.2;5.8;79;88;167;2;147;140;145;16
136;31;1.4;8;79;88;167;2;144;140;144;14
137;27;1.6;10.1;81;86;167;2;144;136;141;23
137;20;2;0;74;86;160;1;126;128;130;23
134;26;1.8;15.1;82;82;164;5;147;133;137;40
134;31;1.4;14.6;82;82;164;4;147;135;139;30
134;25;1.9;9.8;96;82;178;5;147;135;138;43
134;14;3;0;98;82;180;3;126;129;129;46
141;36;1.3;9.8;79;92;171;6;145;143;146;10
141;28;1.7;11.7;86;85;171;9;144;141;144;15
141;25;1.8;12.6;86;85;171;9;145;141;145;17
122;21;1.8;16.3;44;108;152;1;125;127;127;5
122;21;1.7;16.1;48;104;152;2;125;126;126;4
122;23;1.6;16.9;41;111;152;2;125;127;127;4
122;20;2;9.9;43;108;151;0;131;129;130;4
122;20;2;10.2;42;104;146;0;131;128;130;4
122;27;1.3;9.3;27;113;140;1;125;125;126;1
122;29;1.3;10.2;27;110;137;0;127;126;127;1
122;26;1.4;8.2;36;114;150;2;122;126;126;6
122;23;1.5;9.2;28;113;141;1;122;124;124;2
122;22;2.2;1.9;52;100;152;1;131;133;134;5
122;22;2.5;2.2;52;100;152;1;136;132;134;6
123;22;2.2;6.7;52;100;152;2;131;132;133;4
123;24;2.2;1.7;52;100;152;1;136;133;135;5
122;21;1.8;14.9;54;100;154;3;126;125;127;4
122;22;1.8;15.7;36;104;140;2;126;125;127;2
122;22;1.8;14.7;50;103;153;4;126;127;128;4
122;22;1.8;15.7;34;106;140;2;126;125;127;2
122;21;1.7;14.9;55;104;159;1;126;127;128;6
122;23;1.6;16.2;33;109;142;2;126;127;128;3
122;19;2.3;12.1;53;104;157;2;125;127;128;8
122;21;2.2;17.4;39;104;143;4;129;126;128;4
122;19;2;17.7;46;102;148;3;125;124;126;6
122;21;2.2;17.1;34;104;138;3;129;126;128;3
122;17;2;18.8;46;102;148;2;119;123;123;8
122;18;1.9;19.4;40;108;148;3;119;125;125;9
122;21;2;12.6;49;107;156;3;126;125;126;5
122;20;2.1;9.8;55;101;156;4;127;126;127;7
122;20;1.8;13.8;39;103;142;1;120;119;121;3
122;19;1.9;15.1;39;103;142;1;120;120;122;3
122;19;1.9;15.1;39;103;142;1;120;120;122;3
122;19;1.9;15.1;39;103;142;1;120;120;122;3
122;19;1.9;15.1;39;103;142;1;120;120;122;3
122;25;1.4;9.3;31;105;136;1;126;122;124;5
122;26;1.3;9.8;30;106;136;1;126;122;125;3
122;21;1.7;14.3;37;105;142;1;125;123;125;3
122;22;1.7;13.9;37;105;142;0;125;124;126;3
122;23;1.5;9.5;33;103;136;0;125;120;122;5
122;25;1.3;9.5;30;106;136;1;125;122;124;3
122;21;1.7;14;37;105;142;1;125;123;125;3
122;20;1.8;15;37;105;142;0;125;123;125;4
122;25;1.4;8;44;104;148;4;126;125;127;3
122;25;1.5;8.3;44;104;148;5;126;125;126;4
122;27;1.3;8.1;39;104;143;3;126;124;126;2
122;29;1.2;8.5;26;107;133;1;126;124;126;1
122;22;1.8;11.5;52;96;148;1;131;128;130;7
122;22;1.7;13.5;45;103;148;1;131;129;131;4
122;20;2.6;17.7;98;60;158;6;131;121;126;31
122;18;3;16.2;98;60;158;7;127;120;124;28
122;16;3.5;23.1;98;60;158;5;107;115;115;34
122;13;3.8;23.6;98;60;158;6;127;113;115;41
122;16;3.4;19.8;96;62;158;6;125;120;124;25
122;17;3.4;18.4;96;62;158;9;125;122;126;26
122;27;1.1;10.7;35;101;136;1;125;122;124;3
122;30;1.1;7.6;39;93;132;2;126;122;125;4
122;27;1.2;10.1;43;93;136;2;125;122;124;3
122;25;1.2;11;31;105;136;0;125;122;124;2
122;27;1.2;10.3;40;92;132;3;120;120;123;4
122;26;1.3;9.8;47;85;132;3;126;119;123;10
122;22;1.7;7.4;69;74;143;3;133;122;127;26
122;21;1.7;6.7;69;74;143;4;133;121;126;32
122;24;1.5;10.6;73;77;150;1;124;119;123;12
122;21;1.9;5.6;73;77;150;3;127;115;117;30
122;21;1.7;8;55;81;136;2;126;115;118;22
122;18;1.9;8.8;44;91;135;4;126;117;121;19
122;21;1.9;9.5;57;82;139;4;133;119;124;38
122;26;1.4;5.6;61;85;146;5;140;129;134;28
122;24;1.6;8.4;78;79;157;3;136;127;131;21
122;25;1.5;10.9;72;85;157;6;136;129;133;14
122;18;2.4;4.9;74;69;143;1;131;117;120;40
122;16;2.7;5.5;96;56;152;1;112;113;116;21
122;13;3;0.4;96;56;152;3;109;110;112;20
122;13;3;0.7;83;69;152;3;110;110;113;16
122;23;1.7;9.7;78;79;157;6;131;125;130;18
122;25;1.6;9.1;72;85;157;6;136;129;133;15
127;22;1.7;0;129;52;181;8;140;136;142;63
127;22;1.6;0;90;91;181;4;140;144;146;25
127;24;1.5;1.7;67;109;176;3;155;148;152;19
127;24;1.5;0;72;109;181;4;153;150;154;16
131;27;1.4;19.2;70;110;180;2;155;155;156;14
131;23;1.7;6.9;84;110;194;6;160;158;161;23
131;26;1.5;3;61;109;170;2;155;151;154;11
126;24;1.5;9.4;33;122;155;1;136;137;138;3
126;23;1.5;10.3;33;122;155;2;136;137;139;3
126;35;1;7.8;21;121;142;1;136;133;135;2
126;36;0.9;7.3;21;121;142;1;136;133;135;1
126;26;1.3;9;51;114;165;1;129;132;131;10
126;21;1.5;10.4;23;114;137;1;129;128;130;1
126;34;1;8.3;24;118;142;2;136;132;134;2
126;28;1.2;10.3;43;118;161;3;131;134;133;9
126;23;1.4;12.2;42;101;143;3;126;128;129;2
126;25;1.3;11.9;56;101;157;2;126;131;130;9
126;29;1.3;9.2;65;103;168;2;127;134;133;18
126;28;1.3;10.8;34;107;141;1;127;128;128;3
126;27;1.3;5.6;58;103;161;2;133;135;135;10
126;25;1.4;6.3;48;107;155;2;133;135;135;9
126;27;1.3;6.3;43;113;156;3;129;134;134;10
126;30;1.2;4.3;49;107;156;3;127;134;134;11
126;30;1.2;4.2;49;107;156;3;127;134;134;11
126;29;1.2;4.8;36;108;144;3;127;131;131;4
120;49;0.9;15.2;39;95;134;5;122;120;122;3
120;51;0.7;11.4;26;103;129;1;122;119;121;2
120;53;0.7;10.4;20;107;127;2;122;119;121;2
120;47;1;9.8;67;73;140;9;116;121;121;9
120;49;0.8;10.5;32;104;136;4;116;120;121;4
120;50;0.8;10.2;29;104;133;2;116;119;120;3
133;50;0.9;10.8;46;115;161;2;135;136;137;3
133;49;1;11.4;60;101;161;4;135;136;137;4
133;52;0.7;9.2;67;94;161;4;136;137;138;2
133;52;0.7;8.6;38;113;151;1;136;136;137;1
133;41;1.1;13;82;86;168;4;139;143;144;9
133;38;1.1;12.5;58;113;171;5;150;147;149;5
138;37;1.2;4.1;48;120;168;0;146;147;148;4
138;37;1.2;5.2;52;116;168;2;146;146;147;4
133;50;0.8;11.3;57;94;151;3;136;136;137;1
133;53;0.7;9.8;34;113;147;4;136;136;138;1
143;44;1.1;12.2;45;128;173;4;147;148;149;4
143;37;1;9.5;44;130;174;4;147;148;149;5
143;44;0.9;9.4;43;130;173;7;147;148;148;4
143;43;0.9;5.9;34;132;166;2;147;148;149;2
143;47;0.7;10.9;33;137;170;2;155;154;156;3
143;48;0.7;10.6;38;136;174;2;155;155;157;2
143;63;0.5;6.5;33;128;161;4;147;146;148;0
136;46;0.8;7.4;39;119;158;1;144;143;145;1
136;45;0.8;6.4;29;129;158;2;144;143;145;1
136;48;0.7;9.4;42;121;163;1;144;144;145;2
136;47;0.9;10.6;39;119;158;2;144;143;145;1
137;59;0.5;7.1;31;132;163;2;142;141;142;2
137;61;0.4;5.9;15;132;147;1;142;140;142;0
137;61;0.4;5.1;22;133;155;2;142;140;142;0
137;63;0.4;4.8;22;133;155;2;142;141;142;0
137;62;0.4;5.4;22;133;155;2;142;140;142;0
137;60;0.4;5.8;22;133;155;2;142;140;142;1
135;58;0.5;6.1;31;117;148;4;140;139;141;1
135;59;0.5;6.1;16;132;148;1;140;140;142;0
135;54;0.5;9;32;117;149;2;140;137;140;2
135;51;0.6;8.9;30;116;146;1;138;134;137;3
135;52;0.6;9.8;32;117;149;1;140;137;139;2
135;50;0.6;12.2;34;118;152;0;137;136;138;1
135;48;0.7;8.1;42;120;162;5;139;141;142;4
135;50;0.7;1.8;46;122;168;3;139;142;143;4
135;47;0.8;10;39;120;159;1;139;139;141;3
135;47;0.8;13.3;36;120;156;1;139;138;139;2
125;43;0.7;7.8;21;120;141;0;131;130;132;1
125;45;0.7;7.7;19;122;141;0;131;130;131;1
125;40;0.7;8.1;29;122;151;1;131;132;132;2
125;44;0.7;8.7;21;120;141;0;131;130;131;1
126;34;0.9;10.2;41;110;151;2;126;128;129;4
126;32;0.9;11.2;31;110;141;1;126;125;127;2
125;31;1.1;12.5;38;109;147;4;125;125;127;3
125;32;1.1;13;51;96;147;4;126;125;127;2
125;30;1.1;11;45;102;147;1;126;127;128;3
125;32;1;10.7;47;100;147;1;126;127;128;3
125;32;1;8.4;54;93;147;2;126;126;128;3
125;36;1;9.6;54;93;147;1;126;127;128;3
115;19;1.7;14.2;59;89;148;1;120;118;121;5
115;20;1.7;9.9;78;79;157;4;120;121;123;7
115;20;1.7;3.5;78;79;157;6;123;124;125;7
115;23;1.5;10.8;57;94;151;2;120;121;122;6
115;20;1.7;14;59;89;148;1;120;118;121;4
115;24;1.4;13;51;102;153;0;112;120;121;16
115;22;1.5;13.2;51;102;153;2;112;118;117;11
112;24;1.3;10.5;40;103;143;1;114;114;115;4
112;23;1.3;12.5;40;104;144;0;112;113;113;2
112;24;1.3;6;39;105;144;0;114;116;116;5
112;25;1.4;0.6;35;109;144;0;116;120;119;6
112;24;1.3;6.4;37;105;142;1;114;116;115;4
112;25;1.3;7.3;37;105;142;1;114;115;115;4
112;24;1.3;10.4;40;104;144;0;114;114;114;3
112;23;1.3;13;40;104;144;1;112;113;114;2
120;20;1.7;5.8;42;109;151;2;122;126;125;8
118;26;1.4;11;56;94;150;3;120;118;119;6
118;24;1.7;7.1;62;88;150;4;114;116;116;12
118;25;1.3;10.9;61;89;150;5;120;119;120;6
118;26;1.2;11.1;44;100;144;3;120;119;120;2
118;25;1.4;7.9;88;72;160;2;126;120;123;11
118;25;1.5;6.5;90;70;160;2;126;120;124;13
118;21;1.5;10.3;55;89;144;1;123;118;121;6
118;24;1.5;9.7;55;89;144;1;125;118;121;10
119;26;1.4;6.3;88;72;160;1;126;123;126;7
119;23;1.5;7.9;75;70;145;1;126;122;125;9
119;24;1.4;11.1;42;103;145;1;125;124;126;4
119;25;1.3;9.3;40;103;143;3;126;122;124;4
119;25;1.3;13.8;39;106;145;0;120;123;123;5
119;23;1.5;16.1;39;106;145;3;125;124;126;3
119;26;1.2;13.8;39;106;145;1;120;122;122;3
119;24;1.4;15.5;39;106;145;3;125;124;126;3
119;27;1.2;13;37;109;146;1;120;120;121;1
119;27;1.2;13.4;36;110;146;1;120;120;121;1
115;20;1.6;10.7;86;71;157;5;116;119;118;11
115;20;1.6;9.4;82;75;157;3;120;121;121;8
115;20;1.7;10.8;88;69;157;5;114;118;118;13
115;20;1.7;10.6;84;69;153;5;114;117;116;13
115;20;1.7;9.6;56;101;157;2;114;118;118;10
115;21;1.6;13.1;41;100;141;1;114;113;114;2
115;17;2;13.9;73;84;157;0;120;117;119;13
115;19;1.8;6.7;56;101;157;1;120;121;121;9
112;17;2;9;66;78;144;0;112;112;113;9
112;17;2;11.6;66;78;144;3;112;109;111;9
112;21;1.7;9.9;60;84;144;1;114;113;115;7
112;16;2.2;10.4;62;78;140;3;112;108;110;10
112;23;1.5;9.2;55;89;144;5;114;114;116;4
112;26;1.3;10.1;37;90;127;2;114;114;116;2
112;26;1.2;8.4;54;90;144;4;120;116;117;4
112;25;1.3;9.3;34;104;138;4;119;116;118;2
115;17;2;6.8;89;80;169;3;121;115;119;25
115;15;2.3;5.6;92;77;169;4;114;109;110;33
115;21;1.7;10.7;83;85;168;2;129;122;125;19
115;15;2.2;6.8;55;84;139;4;119;111;115;19
115;22;1.7;10.2;102;76;178;3;129;124;128;17
115;19;1.7;7.9;55;89;144;2;126;121;123;9
115;24;1.6;10.1;108;71;179;3;133;122;129;45
115;25;1.7;10.3;108;71;179;3;129;122;130;42
115;23;1.9;8.5;123;71;194;4;131;129;132;59
115;21;2.3;1.7;125;71;196;3;145;127;130;127
114;19;2.8;12.2;127;71;198;5;145;133;136;114
114;18;3;14.9;122;76;198;4;145;146;147;65
136;24;1.6;3.9;115;60;175;8;136;128;135;35
136;25;1.6;4;98;60;158;6;136;126;134;34
136;39;0.8;4.5;63;115;178;5;148;152;152;12
137;36;0.9;5;63;115;178;4;148;148;149;9
138;34;1;10.5;56;99;155;5;148;142;146;9
138;34;1;9.6;62;93;155;5;148;142;146;10
138;32;1.1;6.6;78;97;175;5;145;139;144;16
138;33;1;6.7;67;97;164;2;145;139;144;12
138;28;1.3;3.5;90;85;175;6;144;134;138;31
138;28;1.4;1.6;90;85;175;8;143;136;141;32
126;21;2.3;4.2;107;67;174;6;143;125;133;78
125;22;2.2;0;107;67;174;7;134;134;138;21
125;22;2.1;0;107;67;174;4;134;136;138;16
125;21;2.3;4.3;107;67;174;7;143;125;134;79
125;23;2.1;5.5;125;53;178;8;143;128;137;65
125;23;2.2;7.4;125;53;178;8;143;122;131;92
125;22;2.2;8.5;125;53;178;9;143;123;131;84
125;22;2.3;8.5;125;53;178;8;143;122;130;94
125;18;2.7;6.3;125;53;178;10;131;115;121;72
128;20;2.2;1.9;107;67;174;4;134;126;133;47
128;19;2.4;1.9;107;67;174;7;134;123;129;57
128;22;2.2;6.3;109;65;174;7;143;126;134;70
128;22;2.3;8.4;125;53;178;9;143;121;130;97
128;24;2;9;91;65;156;6;133;125;131;42
128;22;2.2;9.4;125;53;178;7;143;123;130;80
128;25;2;7.3;91;65;156;8;133;125;131;41
128;17;2.7;8.7;125;53;178;9;133;114;122;73
128;30;1.7;7;118;59;177;7;133;128;133;30
128;32;1.5;5.4;90;68;158;6;133;133;135;16
128;31;1.7;3.7;109;68;177;11;137;128;135;40
128;31;1.7;2.9;141;57;198;11;137;130;137;41
128;30;1.9;3.8;141;57;198;12;137;127;136;49
128;27;1.9;1.1;141;57;198;12;135;125;135;59
128;21;2.3;5.2;107;67;174;7;143;126;135;76
128;14;2.7;0;89;67;156;4;115;115;116;44
128;22;2.2;6.6;109;65;174;6;143;127;135;71
128;22;2.4;9.2;125;53;178;11;143;121;131;101
128;26;2;8.2;91;65;156;8;133;126;132;41
128;16;2.9;7.8;125;53;178;9;133;114;121;74
128;29;1.6;6.4;91;65;156;8;133;129;133;27
128;29;1.6;7.1;90;68;158;6;133;131;133;19
128;32;1.6;3.5;109;68;177;11;137;129;135;35
128;33;1.5;3.9;141;57;198;8;137;132;136;21
128;29;1.7;5.8;115;62;177;11;137;128;133;37
128;36;1.6;4.9;124;59;183;5;137;135;139;18
128;30;2;6;111;54;165;14;129;112;129;103
128;29;2.2;7.2;145;54;199;14;129;107;124;126
128;30;2.1;8.6;128;54;182;12;129;104;120;134
128;34;2.4;3.6;145;54;199;11;75;98;86;144
128;36;2.6;0;120;54;174;8;75;91;79;108
131;27;1.4;12.2;84;71;155;2;136;132;137;15
131;19;1.9;12.3;81;70;151;3;127;126;130;21
132;28;1.3;13.3;79;76;155;3;140;135;138;11
132;33;1;13.3;35;120;155;1;138;138;139;2
132;25;1.5;11;92;76;168;4;141;138;140;16
132;24;1.5;12;77;76;153;5;140;133;137;17
132;20;2.1;2.9;99;76;175;5;141;138;142;29
132;19;2.3;4;100;76;176;6;145;138;143;36
132;21;2;6.3;95;80;175;6;143;139;142;23
132;26;1.4;4;58;110;168;2;145;146;147;11
132;22;1.9;7.8;95;80;175;7;143;140;143;22
132;20;2.1;8;102;74;176;9;141;136;140;24
132;26;1.5;7.5;94;68;162;9;143;137;142;26
132;29;1.5;8.6;102;67;169;11;143;136;141;33
132;28;1.4;8.4;94;68;162;11;143;137;142;26
132;23;1.5;13.1;42;106;148;5;138;136;138;3
133;30;1.5;5.3;102;67;169;9;147;137;144;40
134;29;1.6;5.2;102;67;169;10;147;136;143;45
134;28;1.9;5.5;102;67;169;11;148;133;140;66
134;30;1.6;4.8;102;67;169;10;148;135;142;50
144;60;0.4;7.2;33;123;156;0;147;145;148;2
144;61;0.4;7.6;20;136;156;2;148;146;148;1
121;32;1;2.6;47;110;157;1;131;131;131;8
121;27;1.2;3.3;67;90;157;4;129;129;129;12
121;24;1.5;4.9;67;90;157;2;120;125;123;16
121;21;1.9;2.9;83;74;157;2;125;123;126;19
121;24;1.7;4.1;72;74;146;4;129;121;126;25
121;25;1.6;3.8;73;71;144;2;120;114;119;29
121;25;1.5;4.4;73;71;144;4;122;112;117;34
121;26;1.4;1.1;73;71;144;6;123;112;117;36
121;24;1.5;0;68;71;139;2;123;106;108;53
121;24;1.5;0;68;71;139;2;123;106;108;53
121;27;1.4;4.4;69;70;139;4;114;110;114;24
121;28;1.4;5.7;67;70;137;2;114;112;116;21
121;34;1.1;6.3;83;70;153;5;127;123;126;29
121;28;1.3;5.6;67;70;137;3;114;113;117;20
121;37;1;6.6;71;82;153;6;136;126;129;35
121;39;0.9;8.6;58;95;153;4;150;131;132;47
121;37;0.9;7.5;71;82;153;5;150;128;130;68
121;41;0.8;6.6;48;105;153;3;150;135;137;32
142;60;0.4;7.7;20;136;156;0;147;146;148;1
142;58;0.4;7.9;20;136;156;0;148;147;149;1
142;60;0.4;6.8;21;142;163;0;153;152;153;1
142;58;0.4;6.3;13;145;158;0;153;151;153;0
142;59;0.4;6.3;22;141;163;1;155;153;155;1
142;58;0.4;6.1;22;141;163;2;155;153;155;1
142;49;0.9;5.8;114;68;182;2;153;146;154;37
142;41;1.2;5.3;115;67;182;1;157;140;149;73
142;41;1.4;4.6;115;67;182;4;157;140;150;80
142;44;1.5;5.7;115;67;182;2;157;141;153;87
142;32;1.8;0;115;67;182;2;157;133;142;115
142;25;2.1;0;115;67;182;2;143;128;133;83
145;50;0.7;7.3;42;125;167;8;153;154;155;2
145;50;0.7;6.5;65;103;168;8;153;155;156;3
145;51;0.6;8.3;24;141;165;1;153;152;153;1
145;51;0.7;8.4;24;141;165;1;153;152;153;1
145;46;0.8;8.6;67;104;171;4;155;153;154;4
145;46;0.8;8.4;31;140;171;2;153;152;152;3
145;51;0.7;7.7;67;104;171;5;149;153;154;5
145;55;0.6;5.9;27;138;165;5;149;150;151;2
145;55;0.6;6.6;73;93;166;5;149;150;151;1
145;57;0.6;8.2;66;93;159;4;149;149;150;1
142;51;0.8;9.5;50;112;162;8;153;149;151;4
142;52;0.8;11;71;89;160;6;153;149;153;5
142;43;0.9;6.1;46;127;173;3;149;149;150;4
142;41;1;0.7;44;134;178;4;149;152;152;5
142;44;0.9;7;46;127;173;2;149;149;150;4
142;48;0.7;8.8;39;123;162;3;149;147;149;2
142;41;1;7.2;41;132;173;3;150;150;151;3
142;42;1;8.5;61;106;167;2;150;149;151;3
142;42;1;11.4;97;74;171;6;148;148;149;5
142;42;1;12.2;61;130;191;4;148;147;149;2
142;41;1;10.2;57;111;168;5;147;147;149;4
142;40;1;2.1;57;111;168;6;147;148;149;6
144;41;0.9;4.9;63;116;179;6;155;153;154;5
144;40;0.9;8.3;97;82;179;7;152;153;154;7
144;38;1;7;63;116;179;3;155;153;155;6
144;39;1;2.8;43;136;179;1;157;157;157;4
144;43;0.8;10.2;45;129;174;0;155;154;156;2
144;43;0.7;10.2;40;129;169;1;157;154;156;3
144;42;0.7;10;37;136;173;1;155;154;156;2
144;45;0.7;9.8;30;139;169;2;157;155;157;2
144;34;1;8.7;48;126;174;1;153;153;154;5
144;33;1.1;5.3;54;120;174;1;155;154;155;5
144;38;0.9;6;48;126;174;1;155;154;155;4
144;43;0.8;4.6;40;134;174;2;155;154;156;3
146;38;0.9;8.4;49;126;175;2;157;152;154;6
146;39;0.9;4.4;49;126;175;4;157;154;156;5
146;37;0.9;7.9;49;126;175;2;155;152;154;4
146;38;1;8.8;49;126;175;3;150;152;153;5
146;37;0.9;6.9;52;126;178;0;155;153;155;4
146;35;1;3.4;52;126;178;2;155;154;155;4
147;44;0.7;3.6;35;143;178;0;157;158;159;1
147;41;0.8;1.8;35;140;175;0;157;157;158;1
147;46;0.6;4.8;24;143;167;1;160;157;159;1
147;48;0.6;5.2;18;149;167;2;160;158;159;0
147;46;0.7;5.2;29;144;173;2;157;157;159;1
147;46;0.7;5.3;23;144;167;1;157;157;159;0
147;42;0.9;4.9;42;132;174;1;157;157;159;1
147;36;1.2;4.8;42;132;174;2;157;157;158;2
148;44;0.7;8.2;28;142;170;1;155;155;156;1
148;49;0.6;9.6;21;143;164;0;155;154;156;0
148;44;0.8;9.4;31;142;173;4;157;156;158;1
148;44;0.9;9.6;60;135;195;5;157;158;158;1
148;40;0.9;11.8;47;126;173;5;157;156;158;3
148;41;1;13.4;60;135;195;4;157;155;158;2
148;42;0.8;9.3;45;126;171;2;157;155;158;3
148;40;0.9;10.6;35;136;171;1;153;155;156;4
148;40;0.9;10.6;35;136;171;1;153;155;156;4
148;46;0.7;7.1;45;126;171;3;160;158;160;2
148;37;1.1;13;42;126;168;2;157;153;156;5
148;50;0.5;4.9;12;151;163;1;160;159;160;0
148;50;0.5;4.7;10;153;163;1;160;159;161;0
148;51;0.5;4.8;11;152;163;1;160;159;161;0
148;51;0.5;4.5;8;155;163;1;160;159;161;0
148;51;0.6;4.4;13;152;165;2;160;159;161;0
148;51;0.6;4.3;13;152;165;1;160;159;160;0
148;27;1.5;13;50;129;179;3;157;154;157;6
148;21;1.8;15.5;56;129;185;2;157;155;156;7
148;36;0.8;9.4;45;135;180;3;157;157;158;3
148;38;0.9;12.2;34;135;169;3;157;155;158;3
148;42;0.7;7.1;36;144;180;1;163;159;161;3
148;37;0.8;7.1;39;142;181;1;157;157;159;3
148;44;0.6;7.3;20;150;170;2;163;161;163;0
148;44;0.6;6.9;19;150;169;1;163;161;163;0
149;37;1.1;6.6;71;104;175;6;163;159;163;7
149;36;1.4;6.7;121;58;179;6;163;158;163;11
149;34;1.3;5.3;75;104;179;8;163;161;164;10
149;29;1.7;1.8;121;58;179;7;169;161;166;22
149;30;1.5;1.8;57;122;179;3;169;161;167;19
149;35;1;0.5;34;145;179;3;169;166;169;5
132;43;0.8;12.1;55;109;164;3;136;135;137;4
132;47;0.7;11.2;31;114;145;1;136;134;136;2
132;51;0.6;9.6;25;116;141;1;136;135;137;1
132;35;1.2;12.6;55;109;164;3;136;139;140;9
132;30;1.3;11.2;69;97;166;2;145;142;144;8
132;30;1.5;7.9;102;61;163;4;145;124;131;96
132;28;1.7;0;104;62;166;7;145;134;145;76
132;31;1.4;11.5;102;61;163;5;99;121;129;94
132;32;1.3;13.6;91;60;151;1;99;116;125;72
132;34;1.2;12.4;106;61;167;3;99;124;131;116
132;30;1.7;0;90;60;150;3;99;104;102;33
132;32;1.3;14.2;90;60;150;2;99;117;125;61
132;32;1.1;15.5;39;111;150;1;133;131;132;3
132;33;1.2;14;64;103;167;5;150;141;141;18
132;33;1;14.5;39;111;150;2;133;132;134;3
132;32;1.2;13.5;72;95;167;4;155;142;144;27
132;32;1.3;12.3;87;95;182;5;155;146;149;15
132;30;1.2;14.7;58;95;153;3;133;128;132;16
132;30;1.2;14.6;55;95;150;1;133;128;132;12
132;27;1.7;11.3;122;54;176;8;150;146;149;18
132;29;1.6;7.4;92;84;176;3;155;147;150;17
130;40;0.9;6.5;45;110;155;6;136;133;135;4
130;51;0.6;4.8;23;125;148;1;134;135;136;1
130;38;1;8.1;53;102;155;6;136;135;137;4
130;36;1.1;8.9;66;90;156;6;136;135;137;5
130;48;0.7;6.7;53;102;155;5;137;136;138;2
130;53;0.5;5.9;20;123;143;2;137;136;138;0
130;40;0.9;9.1;53;102;155;6;136;135;137;3
130;47;0.7;6.8;39;114;153;4;137;136;138;2
130;52;0.6;5.9;30;123;153;2;137;136;138;0
130;37;0.9;13.4;43;112;155;3;136;134;135;3
130;33;1.1;16.4;53;103;156;3;133;133;134;4
130;39;0.9;12.3;43;112;155;3;136;134;136;3
130;31;1.1;17.6;47;103;150;3;131;132;133;2
130;31;1.1;14.3;36;114;150;1;131;132;133;1
130;28;1.2;15;36;114;150;2;131;132;133;2
130;41;0.8;9.9;42;114;156;2;136;135;137;2
130;49;0.6;5.4;14;129;143;1;137;136;138;0
133;28;1.4;15.9;54;109;163;3;140;138;139;9
133;31;1.3;12.8;60;103;163;2;140;139;140;10
133;34;1.2;7.1;60;103;163;2;136;140;141;14
133;32;1.4;9.8;43;103;146;1;136;132;136;7
133;27;1.4;18.8;56;96;152;5;136;134;137;4
133;22;1.6;21.3;47;105;152;1;138;135;138;5
133;34;1.1;14.3;69;91;160;4;136;135;137;5
133;36;1;16.4;59;91;150;3;136;134;137;3
133;43;0.8;11.2;48;106;154;4;145;140;143;4
133;48;0.6;6.8;25;125;150;2;145;142;144;1
133;40;0.9;11.2;50;106;156;3;142;140;142;3
133;34;1.1;14.5;58;101;159;4;142;139;142;4
133;33;1.2;13.7;58;101;159;4;142;138;141;5
133;35;1.1;7.4;48;109;157;2;142;138;141;4
136;42;0.8;12.7;45;117;162;2;139;138;140;2
136;36;1;16.1;37;117;154;2;139;137;138;3
136;47;0.7;10;36;117;153;2;144;141;143;2
136;37;1;15.7;37;117;154;2;138;137;139;2
136;53;0.5;5.9;17;134;151;2;144;142;144;0
136;54;0.5;5.6;17;134;151;2;144;143;145;0
136;42;0.7;4.2;47;112;159;0;145;143;145;3
136;43;0.7;4.6;39;120;159;0;145;144;146;2
136;43;0.7;5.1;46;112;158;1;144;142;144;3
144;48;0.7;10.2;47;120;167;3;148;149;150;3
144;48;0.6;11.4;31;129;160;1;148;147;149;1
149;42;2.5;8.2;162;51;213;4;156;142;154;87
149;39;2.5;5.6;137;51;188;4;155;139;153;97
149;61;0.4;5.2;13;146;159;1;154;153;155;0
149;63;0.4;4.6;12;146;158;1;153;153;155;0
149;62;0.4;5.5;14;146;160;1;154;153;155;0
149;61;0.4;5.6;12;148;160;1;154;153;155;0
149;55;0.5;6.4;23;147;170;2;155;155;156;0
149;59;0.5;5.5;15;148;163;1;155;154;156;0
144;51;0.6;6;44;125;169;3;157;156;158;3
144;45;0.7;8.8;54;122;176;2;157;155;156;5
144;50;0.6;5.3;27;142;169;2;157;157;158;2
144;32;1.2;8.8;65;115;180;3;153;152;154;12
144;33;1.1;7.7;68;113;181;3;153;154;155;12
143;28;1.4;8.3;80;102;182;3;155;152;154;23
143;22;1.8;11.5;85;99;184;5;151;149;152;29
144;34;1.2;10.2;80;102;182;4;157;152;155;17
144;33;1.2;10.4;61;99;160;2;153;147;152;19
144;40;0.8;11.1;56;112;168;2;157;153;155;5
144;38;0.9;13.4;56;112;168;3;157;153;156;6
144;40;0.8;9.9;59;112;171;3;160;154;157;8
144;26;1.3;17;52;112;164;2;150;146;148;6
145;45;0.7;7.4;38;133;171;2;160;158;159;2
145;48;0.7;6.3;38;133;171;2;160;159;160;2
130;24;1.6;0;106;76;182;3;155;140;148;84
130;24;1.4;0;74;117;191;3;155;154;157;14
130;25;1.7;0;94;76;170;6;133;119;121;73
133;25;1.7;0;94;76;170;6;133;117;117;77
132;25;1.5;0;115;76;191;3;160;138;149;119
132;26;2.1;0;81;76;157;4;86;109;106;110
132;28;1.6;13.5;92;68;160;6;136;132;136;13
132;22;2.1;18.5;105;55;160;4;131;131;134;15
132;34;1;9.4;66;83;149;7;136;133;137;7
132;35;1.2;4.8;72;71;143;7;136;131;136;11
132;28;1.6;17.9;97;56;153;9;136;130;135;25
132;30;1.1;13.7;52;97;149;4;133;133;135;3
132;25;1.9;19.7;99;54;153;6;133;127;133;34
132;16;2.5;33.5;105;54;159;9;136;131;134;15
132;29;1.5;16;92;61;153;4;133;129;134;23
132;26;1.8;15;97;53;150;3;133;126;132;35
132;30;1.8;19.9;99;52;151;7;139;130;137;31
132;35;1.3;27.4;71;79;150;4;133;135;137;9
132;28;2.1;16.2;101;50;151;11;143;129;136;42
132;15;3.2;16.9;100;50;150;10;133;122;130;41
134;32;1.2;6.4;102;53;155;5;136;128;135;30
134;27;1.4;9.1;89;66;155;6;136;128;135;31
134;33;1.4;9.9;110;53;163;3;136;129;136;27
134;37;1.1;2.9;93;50;143;5;138;129;136;31
134;20;2.2;15.1;113;50;163;7;126;120;127;51
134;27;2.8;26.1;74;89;163;7;138;134;138;13
134;20;2.1;8.2;115;50;165;7;126;117;126;63
134;21;1.9;8.6;104;50;154;9;126;117;127;64
134;22;2.1;8;111;54;165;5;126;118;127;59
138;33;3.1;7.9;59;110;169;3;136;145;146;22
138;31;3.8;6.6;45;107;152;5;138;137;139;3
138;37;1.5;12.3;55;114;169;3;150;150;152;8
138;42;1.4;0;51;120;171;0;157;153;155;8
138;36;2.4;16;78;114;192;6;160;157;160;14
138;19;2.2;17.8;45;110;155;3;144;141;143;6
138;32;3.2;15.2;68;124;192;4;160;158;159;11
138;18;4.2;17.2;62;114;176;4;157;149;151;13
140;42;1.4;11.1;48;124;172;1;151;150;151;4
140;48;0.9;9.5;37;135;172;2;151;152;152;3
137;62;2.6;3.2;91;81;172;7;140;122;142;8
133;64;2;4.5;64;96;160;3;142;130;142;3
134;65;2.3;1.3;34;127;161;1;138;129;140;3
144;65;3.3;2.7;89;74;163;3;147;109;149;17
136;63;1.8;6.4;76;96;172;8;142;132;143;5
133;65;2.5;1.6;34;127;161;1;138;127;140;3
135;65;2;5.2;65;96;161;3;138;130;141;3
137;64;1.9;6.9;76;96;172;4;142;130;143;5
133;65;2.7;1.1;35;126;161;2;138;126;140;3
144;65;3.6;1.7;143;67;210;7;145;108;149;38
144;66;3.4;0.3;113;67;180;7;141;110;147;89
142;66;3.2;0.5;106;69;175;10;138;112;146;98
142;66;3.3;0.3;113;67;180;7;141;111;147;90
142;66;3.5;0.3;143;67;210;7;142;108;147;85
142;64;4;0.4;143;67;210;9;142;109;150;54
143;64;3.8;1.3;143;67;210;10;145;111;149;49
134;65;1.5;6.9;95;65;160;5;135;128;137;33
126;53;2.5;0.3;85;84;169;3;135;133;140;13
126;53;2.6;0.2;86;84;170;5;135;134;140;12
127;53;2.7;4.3;111;71;182;6;139;124;139;15
123;55;2.2;2.4;75;85;160;8;135;132;136;8
123;55;2.1;1.1;75;85;160;6;133;133;136;8
123;55;2.1;0;77;85;162;4;140;134;139;10
123;53;3.4;0;109;84;193;6;146;129;146;15
123;55;2;1.1;75;85;160;6;140;134;138;10
130;52;2.7;2.2;89;76;165;5;139;129;135;20
130;52;2.7;4.6;88;77;165;6;139;130;136;15
130;53;2.8;7.1;62;95;157;5;138;131;136;9
130;52;3;5.6;69;87;156;4;139;129;135;15
130;52;3;3.3;76;87;163;6;139;130;136;15
130;51;2.8;4.2;76;87;163;5;135;131;136;11
130;50;1.4;2.8;68;104;172;4;144;142;144;10
130;52;1.3;2.4;99;73;172;6;144;141;144;16
130;52;1.6;4.2;106;73;179;7;144;138;143;29
130;53;1.7;2;106;73;179;7;144;137;141;31
130;51;1.9;5.8;125;73;198;5;131;137;140;51
130;51;1.9;4.9;125;73;198;6;131;137;140;56
130;51;1.8;6.5;118;77;195;7;131;137;141;47
130;49;1.5;10.3;114;84;198;7;150;141;145;50
130;51;1.5;5;101;77;178;7;130;135;137;39
130;52;1.7;0.3;101;77;178;3;135;134;137;48
130;51;1.6;4.2;109;77;186;4;144;138;143;38
132;55;2.7;0;123;60;183;5;144;118;142;100
132;56;2.9;0;126;60;186;7;144;114;139;103
132;55;2.7;0;116;70;186;3;144;116;137;103
132;56;2.8;0;116;70;186;5;106;115;133;113
132;58;2.9;0;115;63;178;4;112;110;121;64
114;65;0.4;11.5;22;104;126;1;115;115;116;0
114;65;0.5;12;24;102;126;1;115;115;116;1
114;64;0.5;12.2;25;100;125;1;115;114;116;1
114;64;0.5;12.4;26;100;126;1;115;114;116;1
114;65;0.5;11.6;23;102;125;1;115;115;116;0
114;61;1.3;16.2;57;91;148;2;113;113;114;10
106;62;1.4;12.7;54;94;148;5;107;117;116;32
106;63;0.6;14.1;28;95;123;1;110;109;111;2
106;63;0.6;13.5;28;95;123;1;112;109;111;2
106;63;0.6;11.5;30;95;125;1;112;110;112;1
106;63;0.6;12.4;27;95;122;1;112;110;112;1
106;64;0.6;10.4;20;102;122;1;111;111;112;0
106;64;0.7;12.6;54;100;154;3;112;116;114;14
110;62;0.9;11.8;64;92;156;5;112;113;113;12
110;61;0.9;10.8;64;92;156;3;112;112;111;16
110;63;0.8;10.9;64;92;156;3;112;113;113;14
110;64;0.9;10.6;65;92;157;6;110;114;113;21
110;64;0.6;12;30;98;128;1;110;111;112;1
110;65;1.1;9.3;88;90;178;5;109;113;112;24
110;63;1.6;8.5;88;90;178;3;109;114;112;34
110;63;1.9;7.2;88;90;178;4;107;115;114;48
110;64;1.7;6.3;176;62;238;13;107;103;107;35
110;64;1.6;6.8;116;62;178;12;107;105;108;37
110;63;2.4;1.8;176;62;238;10;98;101;105;59
110;63;2.7;1.8;176;62;238;9;95;98;106;61
110;64;2.1;5.6;176;62;238;10;107;101;108;33
110;64;2.2;5.3;176;62;238;7;107;103;109;42
110;64;1.8;6.8;176;62;238;7;110;106;110;36
110;68;3.1;0;133;60;193;8;91;83;95;42
110;68;3;0;133;60;193;7;91;87;95;41
110;68;3;0;133;60;193;6;91;84;94;45
110;68;3.2;0;124;63;187;6;91;78;94;39
110;67;3.3;0;130;63;193;5;88;85;97;59
110;68;3.1;0;133;60;193;8;91;82;95;42
137;53;2.7;0.3;136;52;188;9;160;142;163;42
137;54;2.8;4.8;136;52;188;9;164;141;165;48
137;56;2.4;0.4;136;52;188;5;160;141;161;51
137;56;2.1;0.2;136;52;188;3;160;144;161;39
137;57;1.8;0.2;136;52;188;7;146;145;161;46
137;57;1.8;0.4;136;52;188;7;146;142;157;53
137;56;2.2;0.4;136;52;188;4;160;141;159;59
137;58;1.7;1.7;136;52;188;7;149;145;158;44
137;57;1.6;7.6;136;52;188;5;148;146;158;42
137;56;1.6;7.1;136;52;188;5;148;143;157;59
137;58;1.5;5.4;109;69;178;2;146;143;150;52
137;58;1.6;5.6;109;69;178;5;148;143;151;55
137;58;1.5;5.2;109;69;178;5;148;143;150;49
137;58;1.4;4.7;109;69;178;2;146;143;150;47
137;57;1.4;6.2;109;69;178;4;146;143;149;43
137;57;1.4;6.8;109;69;178;3;148;143;149;43
137;59;1.4;7;48;122;170;2;146;141;143;8
137;58;1.2;6.4;48;122;170;1;146;144;146;8
137;56;1.1;5.2;48;122;170;1;146;144;146;8
137;57;1.2;5.9;48;122;170;1;146;144;145;8
137;56;0.9;4.1;48;122;170;3;147;146;147;7
131;67;1.7;0;68;78;146;7;121;116;120;15
131;60;2.1;0.9;90;78;168;8;133;127;132;21
131;57;2;1.2;69;100;169;6;133;133;134;15
131;53;1.8;3.2;60;109;169;7;150;143;147;14
131;53;2.4;0;56;109;165;4;131;140;143;25
131;55;2.3;0;56;109;165;3;130;138;141;25
131;55;1.9;2.4;85;84;169;6;150;139;144;25
131;55;1.9;2.8;85;84;169;6;150;140;145;22
131;55;2;2.7;85;84;169;6;132;140;145;26
131;54;1.4;3.3;85;84;169;7;151;143;147;20
131;54;1.5;5.3;86;83;169;7;151;142;147;22
131;54;1.5;4;85;84;169;6;151;141;144;22
131;54;1.6;2.7;56;111;167;2;138;139;141;8
131;52;1.3;2.8;56;111;167;2;138;140;142;8
131;52;1.4;2.4;68;99;167;3;140;139;141;8
134;53;1.8;0.9;83;83;166;5;143;133;140;29
134;56;1.6;1;83;83;166;7;135;133;138;23
134;57;1.5;1.8;78;83;161;5;137;132;138;21
134;59;1.4;2.7;72;83;155;7;137;127;136;35
134;64;1.5;3.8;70;83;153;5;137;119;124;50
134;60;1.3;0;109;80;189;7;156;138;151;101
134;60;1.1;9.3;109;80;189;8;156;145;154;70
134;60;1.2;0;109;80;189;8;156;145;154;69
134;61;1.1;3.7;109;80;189;10;156;144;151;61
134;62;1.2;4.5;109;80;189;9;156;145;152;49
134;60;1.2;4.9;109;80;189;4;156;147;151;40
134;59;1.2;5.2;109;80;189;6;150;146;150;33
134;55;1.2;1.8;83;90;173;4;150;147;151;22
134;61;1.2;5.9;83;90;173;4;150;143;148;19
134;61;1.1;6;83;90;173;5;142;143;147;17
134;62;1.1;4.9;83;90;173;5;148;142;147;17
134;62;1.1;4.9;83;90;173;5;142;142;146;15
134;63;1;3.8;83;90;173;3;149;144;147;15
134;63;0.9;2.5;100;88;188;8;151;140;146;36
134;60;1.1;0.5;99;88;187;6;151;145;151;38
134;59;1.2;0.6;99;88;187;5;151;145;151;42
134;59;1.1;0;99;88;187;5;151;145;152;44
134;57;1.2;0;95;92;187;4;151;147;154;44
134;57;1.2;0;101;86;187;3;151;148;155;47
134;56;1.4;0;101;86;187;5;151;152;160;44
134;55;1.5;0;101;86;187;5;151;149;157;49
134;63;1.5;0;100;71;171;4;89;105;105;72
134;62;1.5;0;113;71;184;4;89;113;110;148
134;60;1.6;0;113;71;184;7;89;118;113;195
134;61;1.8;0;118;66;184;6;88;112;111;182
134;62;1.8;0;118;66;184;5;88;106;107;128
134;64;1.7;0;114;66;180;6;88;101;102;88
134;65;1.8;0;114;66;180;8;88;100;101;83
134;64;1.9;0;120;66;186;9;88;104;106;109
160;58;0.8;8.2;74;131;205;7;179;170;174;14
120;57;1.3;7.5;78;79;157;4;113;115;119;25
120;58;1.2;7.3;78;79;157;3;128;114;118;39
120;57;1.5;8;78;79;157;5;113;115;119;28
120;59;1.6;9.8;85;69;154;4;91;107;107;62
120;59;1.6;11.1;83;69;152;4;91;106;106;56
120;59;1.6;10.8;83;69;152;4;105;106;107;31
120;60;1.6;9;85;69;154;4;86;105;105;75
120;62;1.5;8.8;85;69;154;5;86;102;101;64
120;62;1.5;9.3;85;69;154;4;86;101;98;64
120;64;1.3;8.4;85;69;154;3;86;97;93;48
120;64;1.1;8.1;85;69;154;2;86;98;95;44
120;62;1.3;9.4;83;69;152;6;86;101;101;56
120;64;1.1;0;80;74;154;3;86;99;99;40
120;63;1.3;0;83;69;152;6;107;100;101;26
120;64;1.3;0;77;69;146;8;86;98;100;38
120;64;1.7;0;111;63;174;10;86;92;102;43
120;63;2;0;128;63;191;12;107;93;106;36
120;62;1.9;3.9;128;63;191;10;107;95;105;37
120;64;1.7;0;111;63;174;10;86;93;101;42
121;58;1.5;8.9;96;67;163;7;122;116;120;25
121;58;1.7;8.4;96;67;163;6;122;115;120;31
121;57;1.6;13.6;99;67;166;7;122;119;123;24
121;57;1.3;14.1;76;90;166;3;124;126;126;17
121;55;1.4;13.7;73;96;169;6;124;127;127;19
121;54;1.7;9.9;73;96;169;7;124;129;130;24
121;56;1.4;12.3;79;90;169;3;124;126;127;19
121;56;1.4;14;88;81;169;4;124;123;125;23
121;56;1.6;13.6;99;70;169;5;124;121;124;28
121;55;1.8;10.6;99;70;169;9;124;122;126;33
121;56;1.9;3;99;70;169;5;124;121;127;38
121;56;1.8;2.6;99;70;169;6;124;120;125;37
121;58;1.8;2.4;107;62;169;8;114;113;120;55
121;61;2;4.9;98;62;160;8;114;100;106;59
121;66;2.1;6.4;105;55;160;7;67;85;92;109
121;67;2.1;0;102;55;157;4;67;81;87;89
121;66;2.1;0;102;55;157;5;67;83;90;98
121;68;2.1;0;102;55;157;3;67;79;82;83
121;70;1.9;0;102;55;157;6;67;76;79;68
143;59;0.8;7.2;72;96;168;3;152;146;150;8
143;60;2;3.6;79;101;180;9;146;144;151;18
143;60;2.2;3.9;79;101;180;8;150;132;153;14
143;66;0.4;10.2;22;132;154;1;144;143;145;1
143;66;0.4;10;24;134;158;1;144;144;145;1
143;66;0.4;9.9;22;132;154;0;144;143;145;1
143;67;0.4;9.6;26;133;159;1;144;144;145;1
143;67;0.3;9.6;24;134;158;1;144;144;146;1
143;68;0.3;9.4;23;135;158;1;144;144;145;1
143;68;0.3;9.4;26;133;159;1;144;144;145;1
143;68;0.3;9.6;27;132;159;1;144;144;146;1
143;69;0.3;9.7;25;133;158;1;145;144;146;1
143;69;0.3;9.4;27;132;159;1;145;144;146;1
143;69;0.3;9.9;27;132;159;1;146;145;146;1
143;67;0.3;10.5;25;133;158;1;146;145;147;1
143;67;0.4;13.3;56;106;162;3;146;145;147;2
143;68;0.3;10.3;27;132;159;1;146;145;147;1
143;66;0.4;13.6;56;106;162;4;146;145;147;2
143;66;0.4;12.4;56;106;162;4;145;144;146;1
139;53;1.4;18.1;108;96;204;5;144;153;152;47
139;54;1;18.1;85;96;181;5;148;147;148;12
139;54;1;18.9;93;96;189;6;144;150;150;25
139;53;1.5;21;107;97;204;7;152;155;153;39
139;52;1.6;20;107;97;204;8;138;155;153;77
141;58;1.3;5.7;78;94;172;6;142;142;147;8
141;65;0.5;11.7;24;133;157;1;150;147;149;2
141;67;0.4;11.2;24;133;157;0;150;147;149;1
133;56;2.2;7.2;90;71;161;2;139;120;139;19
133;57;1.9;6.2;90;71;161;7;140;124;140;20
140;62;1.4;4.9;93;66;159;5;142;134;144;30
140;62;1.2;3.9;93;66;159;5;142;136;144;26
140;61;1.3;3.9;93;66;159;7;142;135;144;24
140;61;1.3;4;94;65;159;6;142;134;143;25
140;61;1.4;4.8;96;63;159;6;142;133;143;29
140;60;1.3;3.9;94;65;159;7;142;134;143;27
140;60;1.4;4.7;96;63;159;8;142;133;143;29
140;60;1.5;6.2;105;63;168;8;142;125;143;26
140;60;1.5;6.5;105;63;168;8;142;124;142;25
140;61;1.4;10;105;63;168;8;142;125;143;23
140;60;1.8;8.4;107;52;159;7;142;124;141;34
140;59;1.8;8.8;102;52;154;5;142;122;141;34
137;59;2;9.8;116;52;168;6;142;121;141;34
137;59;1.8;8.6;102;52;154;10;142;123;141;35
137;58;1.9;7.8;116;52;168;9;142;130;139;38
137;58;1.8;5.5;116;52;168;7;139;130;139;32
137;58;1.9;3.9;109;52;161;8;139;132;140;28
137;58;1.8;5.9;106;60;166;6;139;133;141;22
137;59;1.9;6.5;102;64;166;5;139;133;140;14
137;59;1.8;6.4;102;64;166;5;139;133;140;13
137;59;1.8;7.2;102;64;166;7;142;133;140;18
137;59;1.8;6.6;102;64;166;8;142;134;140;16
137;58;1.9;6.5;102;64;166;10;142;134;141;14
137;59;1.8;6.5;102;64;166;5;142;134;140;14
138;51;1.2;1.8;98;73;171;9;148;145;147;14
138;51;1.3;2;98;73;171;8;148;145;147;16
138;51;1.2;3.1;98;73;171;9;148;145;148;14
138;50;1.2;1.4;98;73;171;7;148;146;148;11
138;50;1.2;1.6;98;73;171;7;148;146;148;12
138;51;1.2;1.6;98;73;171;8;148;147;149;12
138;51;1.2;1.7;98;73;171;7;148;147;149;12
138;51;1.1;2.1;49;122;171;3;148;148;149;6
138;51;0.9;0.6;49;122;171;2;147;149;149;5
138;51;0.9;0.1;49;122;171;3;147;149;150;6
138;51;0.9;0.2;49;122;171;4;147;149;150;5
138;51;0.9;1.9;49;122;171;2;147;148;149;5
138;51;0.9;2.2;49;122;171;3;147;148;149;5
138;51;1;2.4;64;107;171;2;147;148;149;7
138;51;1;2.7;64;107;171;3;147;148;149;6
138;50;1.1;2.9;87;84;171;4;147;147;148;10
138;50;1.3;1.9;87;84;171;5;147;146;148;11
138;50;1;2.2;72;99;171;5;147;147;148;7
138;49;1.6;4.7;92;80;172;4;142;142;145;21
138;49;1.6;6;92;80;172;5;142;141;145;23
138;49;1.6;5.7;92;80;172;5;142;140;144;22
138;50;1.7;5.6;102;70;172;6;142;139;144;26
138;50;1.9;5.6;102;70;172;8;142;137;142;32
138;50;2.3;4.6;102;70;172;7;138;135;140;26
138;51;2.3;4.5;112;60;172;6;138;131;139;41
138;51;2.5;5.2;112;60;172;4;138;129;138;46
138;51;2.4;5.8;102;70;172;9;135;132;138;32
138;50;2.4;6;102;70;172;6;138;132;138;30
138;52;2.6;2.4;104;60;164;4;135;124;135;48
138;60;2.6;0;106;55;161;8;117;99;117;80
138;57;2.6;0.7;106;55;161;6;135;107;122;121
138;57;2.5;0.7;106;55;161;6;135;109;123;113
138;58;2.5;1.2;106;55;161;8;117;103;119;76
139;58;0.7;11.5;51;112;163;3;150;147;150;4
139;58;0.5;8.1;61;107;168;3;153;152;154;3
139;58;0.6;8.5;56;112;168;2;153;152;154;3
141;58;0.6;8.1;39;132;171;0;153;153;155;3
141;58;0.5;7.8;37;131;168;0;153;153;154;2
141;58;0.6;7.9;63;108;171;3;153;153;155;4
141;58;0.6;8.5;60;111;171;3;153;154;156;4
141;58;0.6;9.6;63;108;171;3;156;154;157;5
141;58;0.6;9.1;63;108;171;3;160;154;157;9
141;57;0.7;8.5;75;96;171;3;160;152;156;14
141;57;0.7;8.1;69;102;171;4;160;152;156;13
139;55;1.4;3.6;71;95;166;5;161;140;147;72
139;54;1.6;2.2;96;76;172;4;161;139;145;78
139;52;1.5;10.2;96;76;172;5;158;140;145;57
139;53;1.6;7;96;76;172;4;158;140;146;61
139;51;1.9;0;96;76;172;5;147;136;141;42
139;50;1.5;10;99;76;175;6;147;138;143;37
139;50;1.4;14.5;102;76;178;8;162;142;147;71
139;50;1.4;15;102;76;178;10;162;144;149;57
139;50;0.9;13.4;71;107;178;4;162;153;158;25
130;57;2;0;125;54;179;4;121;115;122;94
130;59;2.1;0;127;50;177;8;121;101;115;79
130;61;2;0;127;50;177;5;121;98;115;94
130;62;2;0;127;50;177;7;60;95;112;269
130;62;2.2;0;161;50;211;9;60;89;113;250
130;63;2.3;0;161;50;211;5;60;88;113;254
130;64;2.4;0;161;50;211;8;60;85;112;243
130;64;2.5;0;161;50;211;7;60;83;114;241
130;66;2.4;0;161;50;211;7;60;75;108;190
140;64;1.2;5.9;74;95;169;6;142;137;142;18
140;64;1.1;3.8;73;96;169;5;146;140;144;16
140;65;0.9;5.5;73;96;169;4;145;141;145;13
140;64;1;5.7;69;96;165;4;145;139;144;17
140;63;1.2;6.2;70;95;165;6;147;137;143;25
140;63;1.2;5.3;68;93;161;4;143;136;143;19
140;64;1.2;5.9;68;93;161;2;143;135;142;19
140;64;1.2;6.5;66;95;161;5;143;134;141;21
140;63;1.4;6.6;70;93;163;7;142;134;141;22
140;63;1.5;7.2;153;75;228;9;142;120;142;22
140;62;1.6;9.1;153;75;228;9;142;118;142;20
140;63;1.3;9.1;153;75;228;7;142;121;143;17
140;63;1.5;9.5;163;65;228;5;142;118;141;27
140;62;1.5;7.5;163;65;228;5;142;118;142;27
140;63;1.2;8.1;94;65;159;3;140;131;139;28
140;63;1.2;8.1;94;65;159;2;140;133;140;22
140;62;2.4;0.3;56;85;141;3;131;123;130;11
140;63;1.7;4;83;65;148;4;140;127;133;32
140;64;1.3;6.4;60;91;151;4;139;128;133;21
133;57;2.6;1.5;81;83;164;6;132;125;132;21
133;58;2.6;1.2;66;83;149;4;135;123;132;21
133;60;2.2;1.1;65;83;148;1;135;124;132;19
133;60;2.5;0;65;83;148;2;131;122;130;14
133;61;2.5;0.1;62;86;148;2;133;123;130;14
133;61;2.9;0.1;49;93;142;3;133;124;132;9
133;63;2.4;0.1;39;103;142;2;133;125;131;8
133;63;2.3;0.5;36;103;139;2;133;124;130;8
133;63;2.2;0.5;36;103;139;1;133;124;130;8
133;62;2.2;0.5;48;97;145;2;133;123;129;11
133;62;2.1;2.3;74;88;162;4;133;124;130;12
133;62;2.1;1.6;98;64;162;2;133;122;129;25
133;62;2;1.6;100;62;162;3;133;119;128;44
133;62;2.2;2;103;62;165;3;129;117;128;44
133;60;2.2;5;105;60;165;5;100;104;108;52
133;62;1.9;4.2;105;60;165;4;128;108;116;71
133;61;2.3;5;105;60;165;4;128;103;116;70
133;60;2.8;8.1;105;60;165;5;100;98;107;45
133;60;2.7;8.2;105;60;165;5;119;100;112;53
133;60;2.8;7.7;105;60;165;5;119;100;111;53
133;60;3.1;9.5;105;60;165;7;93;98;107;57
133;60;3.2;0;105;60;165;6;93;94;102;42
133;60;3;0;105;60;165;5;125;97;105;80
133;60;3;0;97;58;155;4;125;96;105;79
133;60;3.3;0;81;58;139;2;125;96;111;75
133;60;3;0;104;58;162;5;125;95;103;90
133;61;2.8;0;105;57;162;6;125;96;103;95
133;60;2.8;0;127;57;184;8;125;98;104;95
133;61;2.6;0;132;52;184;7;125;96;102;108
133;63;1.9;0;104;62;166;5;77;93;92;74
133;63;2.1;0;133;52;185;4;125;94;97;147
133;62;2.2;0;133;52;185;5;125;100;108;114
133;61;2.7;0;132;52;184;5;125;96;110;103
133;61;2.8;0;98;57;155;4;125;95;103;95
138;58;0.6;14.4;50;133;183;1;152;157;155;17
138;58;0.6;19.3;46;137;183;3;149;160;161;27
138;57;0.7;3.7;48;135;183;3;152;160;161;21
138;57;0.8;3.8;51;127;178;3;149;150;150;10
138;57;0.8;7.3;41;127;168;2;148;145;148;6
138;59;0.7;8.5;43;125;168;1;148;145;147;6
138;59;0.8;8;43;125;168;2;148;143;145;7
138;59;0.8;7.7;43;125;168;3;148;144;146;6
138;60;0.7;7.7;43;125;168;1;148;145;146;6
138;60;0.8;7.4;43;125;168;1;148;144;147;6
135;60;0.9;0.5;44;124;168;3;148;144;147;6
135;60;0.9;0.4;44;124;168;3;148;144;146;6
135;59;1;0.5;39;124;163;1;148;143;146;6
135;60;0.9;0.5;39;124;163;1;148;143;146;6
135;60;0.9;3.8;39;124;163;2;148;143;146;6
135;60;1;5.2;40;123;163;0;148;142;145;7
135;62;0.9;8.2;41;119;160;1;148;142;146;8
135;63;0.8;9.5;40;120;160;1;147;141;145;6
135;63;0.8;9.9;41;119;160;1;147;141;143;7
135;64;0.7;9.5;41;119;160;2;147;141;143;7
135;64;0.6;10.2;41;119;160;3;147;141;143;7
135;65;0.6;10.3;38;119;157;4;147;141;143;6
135;61;0.8;6.7;48;120;168;2;148;143;145;6
135;58;0.8;7.5;50;121;171;3;147;146;147;8
135;58;0.8;6.9;50;121;171;2;148;146;147;8
135;58;1;5.6;43;121;164;3;147;144;146;6
135;58;1.1;4.3;53;111;164;3;141;143;145;8
135;58;1.2;5.2;51;111;162;2;141;141;143;6
135;58;1;4.7;58;113;171;3;141;144;146;10
125;62;1.6;1.5;73;68;141;7;129;117;125;32
125;62;1.7;1.2;73;68;141;9;128;117;126;29
125;62;1.4;1.4;73;68;141;8;128;117;125;30
125;62;1.3;1.3;70;68;138;6;128;117;124;25
125;62;1.9;1.6;70;68;138;6;130;118;127;25
125;63;1.6;1.7;70;68;138;4;130;116;124;32
125;62;1.7;1.1;72;68;140;5;130;116;125;29
125;62;1.7;1.3;69;71;140;8;130;117;125;30
125;62;1.6;4.8;82;71;153;5;130;118;125;30
125;61;1.8;5.1;73;74;147;4;130;117;125;26
125;59;2.1;7.8;90;74;164;8;131;122;126;27
125;60;1.9;6.7;90;74;164;6;130;121;124;26
125;60;1.3;7.5;96;68;164;6;110;120;120;34
125;61;1.2;6.9;96;68;164;5;110;118;119;30
125;63;1.2;0.8;100;64;164;8;114;114;117;15
125;63;1.1;4.1;100;64;164;5;116;114;117;13
125;65;1.1;5.5;76;64;140;5;116;111;115;9
125;65;1;5.2;76;64;140;4;116;111;115;10
125;64;1.1;5;82;64;146;5;116;110;115;10
125;65;1;5.6;82;64;146;6;116;110;115;9
125;65;1;5.8;82;64;146;7;117;111;116;9
125;65;1.1;7.3;82;64;146;5;116;111;116;9
125;65;1.3;6.5;82;64;146;5;116;111;116;8
125;65;1.2;6.3;70;76;146;3;116;111;114;8
125;65;1.3;3;77;78;155;4;110;111;113;8
125;64;1.3;2.6;77;78;155;4;114;111;114;7
125;64;1.4;2.7;77;78;155;4;107;111;113;11
125;64;1.4;2.4;90;65;155;6;111;111;114;8
125;64;1.3;1.9;90;65;155;5;111;111;113;7
125;65;1.3;1.7;90;65;155;5;111;111;113;7
129;58;4.3;0;158;72;230;10;111;88;126;33
129;58;3.9;0;158;72;230;10;113;90;124;28
129;65;2.6;0;101;50;151;9;105;91;113;13
129;65;2.8;0;101;50;151;7;105;88;112;13
129;65;2.8;0;101;50;151;7;105;86;112;13
129;65;2.9;0;101;50;151;6;105;84;111;12
129;65;3.1;0;180;50;230;10;105;83;112;14
129;66;2.9;0;94;50;144;8;105;85;109;11
129;66;2.8;0;94;50;144;6;105;85;110;11
129;66;3.2;0;96;50;146;8;105;82;108;10
129;67;3.2;0;80;66;146;7;105;80;107;9
129;67;3.3;0;129;63;192;7;105;80;107;14
128;66;2.9;0;129;63;192;6;103;84;110;20
128;65;2.6;0;129;63;192;6;103;92;114;28
128;66;2.7;0;129;63;192;4;105;89;112;21
128;65;2.5;0;129;63;192;6;104;94;115;28
128;65;2.5;0;129;63;192;5;114;97;116;25
128;64;2;0;100;71;171;4;122;112;123;20
128;64;2.2;0;84;87;171;5;129;118;125;13
128;65;2;1.1;84;87;171;3;129;119;127;13
128;63;2.4;1.1;107;64;171;6;129;114;127;18
128;63;2.5;1.2;107;64;171;4;129;115;128;17
128;63;2.7;1.3;96;64;160;6;129;111;128;21
128;63;3;1.5;96;64;160;5;127;109;128;24
128;63;2.8;1.4;96;64;160;3;127;114;129;16
128;63;4.2;0;90;66;156;5;69;73;118;128
125;66;4.1;0.3;23;123;146;0;133;126;134;1
128;70;1.9;4.1;20;119;139;2;130;127;131;1
127;66;4.2;0.3;23;123;146;0;133;126;134;0
127;65;1.2;3;26;120;146;2;126;126;128;1
127;65;1.2;3;26;120;146;2;126;126;128;1
127;65;0.7;3.5;13;120;133;1;126;126;127;0
127;62;0.7;4.1;20;120;140;1;126;125;126;0
127;63;0.7;4;20;120;140;2;126;125;127;0
127;62;0.7;4.1;20;120;140;1;124;125;126;1
127;60;0.7;4.1;20;120;140;2;122;124;125;1
127;60;0.6;4.2;20;120;140;2;123;124;125;0
127;62;0.5;4;12;119;131;1;123;124;125;0
127;63;0.5;4;12;119;131;1;123;123;124;0
127;65;0.4;4.3;12;119;131;1;123;124;125;0
127;70;0.4;4.1;18;119;137;2;123;125;126;1
127;71;0.9;3.8;18;119;137;2;129;125;128;1
127;66;0.8;4.1;19;120;139;1;123;125;127;1
130;65;1.7;1.3;45;112;157;4;136;135;138;3
130;67;1.1;1;45;112;157;5;137;136;138;2
130;66;1.2;1;45;112;157;6;137;136;138;2
130;67;0.9;1.2;45;112;157;4;137;137;139;3
130;67;0.9;2.8;46;112;158;4;137;138;139;4
130;69;0.7;4.2;46;112;158;4;139;139;140;3
130;70;0.7;4.4;31;127;158;1;139;140;141;3
130;71;0.7;3.8;31;127;158;1;139;139;140;3
130;70;0.7;4.3;31;127;158;1;139;140;141;3
130;71;0.7;4;31;127;158;1;139;140;141;3
130;72;0.9;4.8;31;127;158;1;139;139;141;3
130;72;0.9;4.4;31;127;158;2;139;139;140;3
130;73;0.6;5;32;126;158;2;139;140;141;3
130;75;0.6;5.4;32;126;158;3;139;139;140;3
130;74;1.3;5;32;126;158;3;139;137;140;3
130;73;2.9;2.2;27;124;151;2;132;127;133;1
130;72;2.6;1.5;27;124;151;1;130;127;131;1
130;73;2.1;1.4;27;124;151;2;128;127;130;1
128;76;1.7;1.9;22;124;146;2;128;127;130;1
128;78;1.2;2.4;27;124;151;2;128;127;130;1
133;74;1.3;3.9;31;119;150;7;136;134;137;1
133;78;0.3;3.5;22;132;154;2;136;136;138;0
133;79;0.5;3.1;10;131;141;1;136;135;137;0
133;78;0.8;2.6;13;131;144;1;136;134;136;0
133;78;0.8;3.6;14;130;144;1;136;134;137;0
133;77;0.9;4.4;17;130;147;1;136;135;137;0
133;76;0.8;5.3;17;130;147;1;136;135;137;0
133;77;0.8;5.8;17;130;147;1;135;135;137;1
133;76;0.6;6.8;17;130;147;0;136;136;138;1
133;75;0.4;7.2;26;129;155;1;136;137;139;1
133;75;0.4;6.7;26;129;155;2;136;137;139;1
133;75;0.6;4.7;26;129;155;2;136;136;138;0
133;73;1.6;3.2;32;123;155;3;136;133;137;1
133;72;2.1;2.5;60;91;151;10;136;132;136;1
133;70;2.7;1.5;60;91;151;8;134;130;135;1
133;69;3;1.2;57;91;148;8;134;128;134;2
133;68;3;1.3;57;91;148;8;133;129;134;2
133;70;2;2.5;68;91;159;7;133;132;135;3
136;78;0.4;4.6;43;112;155;4;138;137;139;0
136;79;0.2;5.1;20;129;149;2;138;138;139;0
136;78;0.4;7.1;36;113;149;3;139;137;139;1
136;74;1;7;42;107;149;2;137;135;138;1
136;67;2.2;4.4;45;100;145;3;133;131;136;2
136;67;1.9;5.3;45;100;145;2;135;132;136;2
136;64;2.2;3;85;67;152;5;134;119;131;45
136;63;2.2;1.9;86;67;153;6;134;112;123;71
136;63;2.2;5;85;67;152;6;134;116;128;53
136;67;1.5;4.7;38;115;153;4;140;133;138;4
137;81;0.4;6.3;31;121;152;2;146;143;145;1
140;83;0.2;5.4;20;132;152;2;145;145;146;0
140;80;0.2;2.2;18;140;158;1;147;148;149;1
140;79;0.3;8.5;26;124;150;1;144;143;145;1
140;79;0.5;7;21;129;150;1;145;142;145;2
140;79;0.6;6.4;26;124;150;1;144;141;145;1
140;77;0.7;6;31;124;155;2;145;143;145;2
140;79;0.2;7.2;40;137;177;4;153;150;152;2
140;78;0.4;7.1;66;103;169;6;152;148;151;3
140;79;0.4;6.1;67;103;170;5;153;148;152;4
140;78;0.4;7;66;103;169;6;152;147;151;4
142;74;0.4;5;42;117;159;2;145;143;145;1